id,category
0,3.0
1,9.0
2,0.0
3,0.0
4,4.0
5,6.0
6,6.0
7,6.0
8,5.0
9,1.0
10,0.0
11,9.0
12,2.0
13,5.0
14,1.0
15,0.0
16,7.0
17,7.0
18,8.0
19,7.0
20,4.0
21,2.0
22,0.0
23,1.0
24,4.0
25,6.0
26,3.0
27,0.0
28,9.0
29,6.0
30,6.0
31,5.0
32,2.0
33,1.0
34,0.0
35,1.0
36,2.0
37,0.0
38,0.0
39,5.0
40,7.0
41,6.0
42,9.0
43,7.0
44,0.0
45,9.0
46,5.0
47,9.0
48,7.0
49,6.0
50,9.0
51,1.0
52,5.0
53,6.0
54,0.0
55,8.0
56,5.0
57,8.0
58,8.0
59,3.0
60,7.0
61,3.0
62,1.0
63,6.0
64,6.0
65,2.0
66,1.0
67,8.0
68,3.0
69,9.0
70,4.0
71,7.0
72,8.0
73,8.0
74,6.0
75,2.0
76,9.0
77,1.0
78,1.0
79,9.0
80,0.0
81,5.0
82,1.0
83,3.0
84,0.0
85,0.0
86,0.0
87,0.0
88,8.0
89,9.0
90,9.0
91,5.0
92,8.0
93,2.0
94,7.0
95,9.0
96,5.0
97,0.0
98,4.0
99,7.0
100,7.0
101,4.0
102,6.0
103,7.0
104,9.0
105,9.0
106,6.0
107,5.0
108,8.0
109,5.0
110,7.0
111,5.0
112,2.0
113,6.0
114,9.0
115,6.0
116,0.0
117,9.0
118,6.0
119,5.0
120,8.0
121,7.0
122,8.0
123,2.0
124,0.0
125,1.0
126,1.0
127,3.0
128,3.0
129,9.0
130,4.0
131,0.0
132,9.0
133,7.0
134,7.0
135,2.0
136,9.0
137,7.0
138,2.0
139,1.0
140,9.0
141,5.0
142,0.0
143,5.0
144,2.0
145,8.0
146,7.0
147,6.0
148,5.0
149,0.0
150,6.0
151,0.0
152,8.0
153,3.0
154,3.0
155,3.0
156,4.0
157,1.0
158,3.0
159,0.0
160,0.0
161,1.0
162,6.0
163,2.0
164,0.0
165,7.0
166,0.0
167,6.0
168,7.0
169,0.0
170,9.0
171,7.0
172,3.0
173,0.0
174,9.0
175,9.0
176,8.0
177,7.0
178,9.0
179,0.0
180,8.0
181,7.0
182,6.0
183,7.0
184,4.0
185,8.0
186,5.0
187,6.0
188,3.0
189,0.0
190,2.0
191,1.0
192,6.0
193,5.0
194,7.0
195,1.0
196,9.0
197,8.0
198,3.0
199,0.0
200,1.0
201,9.0
202,0.0
203,8.0
204,1.0
205,7.0
206,8.0
207,2.0
208,7.0
209,0.0
210,1.0
211,1.0
212,4.0
213,7.0
214,9.0
215,4.0
216,1.0
217,9.0
218,0.0
219,7.0
220,2.0
221,6.0
222,1.0
223,6.0
224,9.0
225,9.0
226,6.0
227,2.0
228,3.0
229,2.0
230,3.0
231,1.0
232,3.0
233,3.0
234,8.0
235,0.0
236,6.0
237,6.0
238,3.0
239,4.0
240,1.0
241,9.0
242,9.0
243,8.0
244,0.0
245,5.0
246,7.0
247,0.0
248,2.0
249,9.0
250,8.0
251,6.0
252,8.0
253,7.0
254,2.0
255,7.0
256,6.0
257,0.0
258,0.0
259,1.0
260,5.0
261,0.0
262,1.0
263,9.0
264,0.0
265,8.0
266,8.0
267,3.0
268,7.0
269,3.0
270,5.0
271,3.0
272,5.0
273,5.0
274,9.0
275,3.0
276,0.0
277,4.0
278,2.0
279,5.0
280,9.0
281,5.0
282,4.0
283,9.0
284,0.0
285,0.0
286,8.0
287,0.0
288,6.0
289,9.0
290,1.0
291,5.0
292,5.0
293,1.0
294,3.0
295,2.0
296,6.0
297,0.0
298,8.0
299,5.0
300,7.0
301,6.0
302,3.0
303,0.0
304,5.0
305,1.0
306,0.0
307,3.0
308,1.0
309,2.0
310,0.0
311,6.0
312,0.0
313,0.0
314,3.0
315,0.0
316,2.0
317,7.0
318,7.0
319,5.0
320,3.0
321,3.0
322,7.0
323,2.0
324,6.0
325,1.0
326,7.0
327,4.0
328,0.0
329,8.0
330,3.0
331,9.0
332,6.0
333,2.0
334,2.0
335,9.0
336,3.0
337,0.0
338,0.0
339,7.0
340,7.0
341,5.0
342,0.0
343,5.0
344,0.0
345,2.0
346,7.0
347,5.0
348,8.0
349,1.0
350,1.0
351,1.0
352,0.0
353,2.0
354,3.0
355,2.0
356,4.0
357,9.0
358,1.0
359,6.0
360,1.0
361,1.0
362,8.0
363,0.0
364,0.0
365,0.0
366,7.0
367,5.0
368,4.0
369,5.0
370,6.0
371,0.0
372,9.0
373,0.0
374,8.0
375,9.0
376,1.0
377,6.0
378,8.0
379,6.0
380,6.0
381,0.0
382,4.0
383,9.0
384,2.0
385,4.0
386,7.0
387,4.0
388,7.0
389,2.0
390,1.0
391,0.0
392,4.0
393,4.0
394,1.0
395,6.0
396,5.0
397,9.0
398,0.0
399,1.0
400,9.0
401,3.0
402,3.0
403,0.0
404,0.0
405,6.0
406,0.0
407,0.0
408,0.0
409,0.0
410,5.0
411,8.0
412,7.0
413,5.0
414,0.0
415,1.0
416,0.0
417,9.0
418,1.0
419,7.0
420,7.0
421,5.0
422,0.0
423,7.0
424,3.0
425,9.0
426,5.0
427,9.0
428,7.0
429,3.0
430,5.0
431,5.0
432,5.0
433,6.0
434,5.0
435,7.0
436,1.0
437,5.0
438,3.0
439,6.0
440,6.0
441,3.0
442,9.0
443,9.0
444,8.0
445,7.0
446,5.0
447,0.0
448,3.0
449,0.0
450,7.0
451,9.0
452,1.0
453,4.0
454,0.0
455,2.0
456,2.0
457,7.0
458,7.0
459,1.0
460,3.0
461,1.0
462,1.0
463,5.0
464,9.0
465,4.0
466,3.0
467,1.0
468,4.0
469,9.0
470,4.0
471,3.0
472,0.0
473,4.0
474,3.0
475,3.0
476,2.0
477,0.0
478,5.0
479,3.0
480,9.0
481,5.0
482,0.0
483,5.0
484,2.0
485,0.0
486,9.0
487,8.0
488,3.0
489,0.0
490,1.0
491,6.0
492,8.0
493,1.0
494,1.0
495,0.0
496,6.0
497,3.0
498,9.0
499,4.0
500,6.0
501,6.0
502,8.0
503,6.0
504,0.0
505,8.0
506,9.0
507,7.0
508,1.0
509,4.0
510,3.0
511,6.0
512,3.0
513,1.0
514,3.0
515,1.0
516,0.0
517,9.0
518,9.0
519,0.0
520,8.0
521,0.0
522,0.0
523,9.0
524,4.0
525,5.0
526,1.0
527,4.0
528,0.0
529,6.0
530,0.0
531,9.0
532,7.0
533,8.0
534,6.0
535,6.0
536,2.0
537,5.0
538,0.0
539,9.0
540,9.0
541,0.0
542,3.0
543,6.0
544,5.0
545,9.0
546,0.0
547,9.0
548,6.0
549,5.0
550,2.0
551,3.0
552,0.0
553,3.0
554,5.0
555,8.0
556,6.0
557,7.0
558,4.0
559,5.0
560,0.0
561,7.0
562,2.0
563,6.0
564,2.0
565,8.0
566,9.0
567,7.0
568,6.0
569,4.0
570,2.0
571,0.0
572,9.0
573,5.0
574,4.0
575,5.0
576,8.0
577,9.0
578,9.0
579,9.0
580,2.0
581,7.0
582,3.0
583,6.0
584,8.0
585,1.0
586,5.0
587,8.0
588,9.0
589,6.0
590,9.0
591,9.0
592,2.0
593,6.0
594,2.0
595,7.0
596,6.0
597,5.0
598,3.0
599,1.0
600,4.0
601,2.0
602,0.0
603,5.0
604,1.0
605,5.0
606,1.0
607,5.0
608,6.0
609,0.0
610,3.0
611,0.0
612,8.0
613,0.0
614,6.0
615,5.0
616,3.0
617,8.0
618,9.0
619,1.0
620,7.0
621,7.0
622,1.0
623,6.0
624,7.0
625,8.0
626,9.0
627,6.0
628,7.0
629,7.0
630,9.0
631,2.0
632,6.0
633,1.0
634,7.0
635,2.0
636,0.0
637,3.0
638,0.0
639,2.0
640,7.0
641,6.0
642,0.0
643,4.0
644,1.0
645,9.0
646,7.0
647,3.0
648,2.0
649,2.0
650,4.0
651,8.0
652,9.0
653,4.0
654,5.0
655,0.0
656,1.0
657,1.0
658,7.0
659,9.0
660,1.0
661,7.0
662,7.0
663,6.0
664,5.0
665,2.0
666,5.0
667,0.0
668,9.0
669,2.0
670,2.0
671,1.0
672,3.0
673,3.0
674,6.0
675,3.0
676,6.0
677,5.0
678,2.0
679,2.0
680,9.0
681,6.0
682,8.0
683,2.0
684,9.0
685,3.0
686,1.0
687,7.0
688,6.0
689,9.0
690,3.0
691,0.0
692,0.0
693,9.0
694,0.0
695,7.0
696,1.0
697,6.0
698,4.0
699,7.0
700,9.0
701,3.0
702,3.0
703,9.0
704,1.0
705,4.0
706,0.0
707,5.0
708,8.0
709,9.0
710,4.0
711,1.0
712,0.0
713,7.0
714,5.0
715,1.0
716,6.0
717,1.0
718,4.0
719,0.0
720,9.0
721,0.0
722,1.0
723,9.0
724,0.0
725,8.0
726,5.0
727,4.0
728,2.0
729,7.0
730,0.0
731,2.0
732,9.0
733,6.0
734,4.0
735,4.0
736,9.0
737,4.0
738,1.0
739,7.0
740,2.0
741,3.0
742,7.0
743,7.0
744,9.0
745,6.0
746,7.0
747,6.0
748,3.0
749,3.0
750,9.0
751,0.0
752,9.0
753,1.0
754,2.0
755,7.0
756,6.0
757,0.0
758,6.0
759,1.0
760,7.0
761,2.0
762,4.0
763,0.0
764,0.0
765,2.0
766,2.0
767,0.0
768,7.0
769,7.0
770,5.0
771,6.0
772,9.0
773,7.0
774,0.0
775,2.0
776,9.0
777,5.0
778,7.0
779,3.0
780,9.0
781,1.0
782,2.0
783,3.0
784,7.0
785,0.0
786,4.0
787,8.0
788,7.0
789,9.0
790,0.0
791,0.0
792,0.0
793,6.0
794,7.0
795,7.0
796,2.0
797,3.0
798,3.0
799,7.0
800,9.0
801,1.0
802,0.0
803,7.0
804,2.0
805,2.0
806,0.0
807,2.0
808,7.0
809,8.0
810,5.0
811,2.0
812,7.0
813,4.0
814,8.0
815,6.0
816,9.0
817,5.0
818,0.0
819,2.0
820,2.0
821,7.0
822,8.0
823,0.0
824,4.0
825,6.0
826,7.0
827,5.0
828,4.0
829,4.0
830,8.0
831,3.0
832,2.0
833,3.0
834,4.0
835,9.0
836,0.0
837,3.0
838,9.0
839,2.0
840,0.0
841,9.0
842,4.0
843,2.0
844,7.0
845,6.0
846,5.0
847,0.0
848,5.0
849,2.0
850,6.0
851,1.0
852,0.0
853,9.0
854,0.0
855,0.0
856,9.0
857,8.0
858,7.0
859,0.0
860,2.0
861,4.0
862,1.0
863,3.0
864,0.0
865,1.0
866,3.0
867,4.0
868,0.0
869,1.0
870,4.0
871,1.0
872,7.0
873,0.0
874,3.0
875,8.0
876,2.0
877,1.0
878,1.0
879,7.0
880,8.0
881,4.0
882,4.0
883,9.0
884,1.0
885,8.0
886,0.0
887,2.0
888,0.0
889,4.0
890,7.0
891,2.0
892,3.0
893,3.0
894,1.0
895,0.0
896,3.0
897,3.0
898,2.0
899,1.0
900,2.0
901,7.0
902,6.0
903,8.0
904,0.0
905,5.0
906,9.0
907,6.0
908,0.0
909,0.0
910,5.0
911,3.0
912,2.0
913,4.0
914,6.0
915,9.0
916,9.0
917,0.0
918,0.0
919,2.0
920,6.0
921,0.0
922,9.0
923,9.0
924,5.0
925,8.0
926,6.0
927,3.0
928,3.0
929,0.0
930,4.0
931,3.0
932,7.0
933,3.0
934,7.0
935,8.0
936,3.0
937,4.0
938,9.0
939,1.0
940,7.0
941,0.0
942,7.0
943,4.0
944,8.0
945,8.0
946,1.0
947,5.0
948,5.0
949,3.0
950,3.0
951,9.0
952,3.0
953,1.0
954,7.0
955,7.0
956,0.0
957,6.0
958,8.0
959,8.0
960,9.0
961,3.0
962,9.0
963,1.0
964,5.0
965,3.0
966,9.0
967,1.0
968,1.0
969,1.0
970,0.0
971,1.0
972,2.0
973,1.0
974,4.0
975,8.0
976,6.0
977,8.0
978,8.0
979,9.0
980,6.0
981,1.0
982,7.0
983,5.0
984,7.0
985,1.0
986,0.0
987,1.0
988,4.0
989,3.0
990,1.0
991,6.0
992,0.0
993,3.0
994,6.0
995,3.0
996,2.0
997,2.0
998,5.0
999,8.0
1000,5.0
1001,1.0
1002,1.0
1003,4.0
1004,0.0
1005,1.0
1006,6.0
1007,8.0
1008,4.0
1009,3.0
1010,0.0
1011,0.0
1012,4.0
1013,2.0
1014,2.0
1015,2.0
1016,5.0
1017,6.0
1018,0.0
1019,8.0
1020,9.0
1021,5.0
1022,0.0
1023,0.0
1024,4.0
1025,1.0
1026,7.0
1027,7.0
1028,6.0
1029,6.0
1030,9.0
1031,3.0
1032,6.0
1033,8.0
1034,3.0
1035,6.0
1036,6.0
1037,7.0
1038,0.0
1039,2.0
1040,5.0
1041,3.0
1042,7.0
1043,0.0
1044,0.0
1045,5.0
1046,2.0
1047,0.0
1048,1.0
1049,1.0
1050,9.0
1051,9.0
1052,1.0
1053,5.0
1054,4.0
1055,0.0
1056,9.0
1057,5.0
1058,3.0
1059,0.0
1060,9.0
1061,2.0
1062,8.0
1063,7.0
1064,1.0
1065,9.0
1066,1.0
1067,0.0
1068,0.0
1069,6.0
1070,5.0
1071,6.0
1072,8.0
1073,0.0
1074,7.0
1075,8.0
1076,4.0
1077,0.0
1078,0.0
1079,3.0
1080,6.0
1081,6.0
1082,0.0
1083,2.0
1084,3.0
1085,4.0
1086,2.0
1087,2.0
1088,1.0
1089,4.0
1090,0.0
1091,0.0
1092,9.0
1093,2.0
1094,5.0
1095,6.0
1096,0.0
1097,6.0
1098,7.0
1099,5.0
1100,0.0
1101,0.0
1102,8.0
1103,0.0
1104,9.0
1105,1.0
1106,3.0
1107,4.0
1108,2.0
1109,9.0
1110,8.0
1111,0.0
1112,3.0
1113,0.0
1114,9.0
1115,6.0
1116,3.0
1117,5.0
1118,7.0
1119,4.0
1120,7.0
1121,1.0
1122,9.0
1123,5.0
1124,5.0
1125,6.0
1126,0.0
1127,8.0
1128,3.0
1129,4.0
1130,7.0
1131,1.0
1132,9.0
1133,6.0
1134,9.0
1135,3.0
1136,9.0
1137,9.0
1138,5.0
1139,1.0
1140,5.0
1141,5.0
1142,8.0
1143,3.0
1144,0.0
1145,6.0
1146,7.0
1147,3.0
1148,2.0
1149,9.0
1150,7.0
1151,2.0
1152,8.0
1153,0.0
1154,6.0
1155,7.0
1156,5.0
1157,7.0
1158,1.0
1159,1.0
1160,8.0
1161,9.0
1162,7.0
1163,4.0
1164,8.0
1165,8.0
1166,3.0
1167,3.0
1168,6.0
1169,0.0
1170,0.0
1171,9.0
1172,9.0
1173,4.0
1174,0.0
1175,6.0
1176,9.0
1177,1.0
1178,2.0
1179,5.0
1180,0.0
1181,7.0
1182,9.0
1183,2.0
1184,3.0
1185,8.0
1186,7.0
1187,9.0
1188,0.0
1189,7.0
1190,1.0
1191,1.0
1192,7.0
1193,4.0
1194,0.0
1195,2.0
1196,5.0
1197,0.0
1198,3.0
1199,5.0
1200,0.0
1201,7.0
1202,1.0
1203,8.0
1204,6.0
1205,0.0
1206,1.0
1207,8.0
1208,1.0
1209,7.0
1210,1.0
1211,8.0
1212,1.0
1213,1.0
1214,5.0
1215,5.0
1216,4.0
1217,2.0
1218,0.0
1219,5.0
1220,3.0
1221,0.0
1222,1.0
1223,0.0
1224,7.0
1225,6.0
1226,6.0
1227,7.0
1228,0.0
1229,8.0
1230,3.0
1231,9.0
1232,1.0
1233,4.0
1234,1.0
1235,2.0
1236,7.0
1237,0.0
1238,2.0
1239,3.0
1240,6.0
1241,0.0
1242,6.0
1243,1.0
1244,5.0
1245,6.0
1246,1.0
1247,1.0
1248,4.0
1249,4.0
1250,7.0
1251,5.0
1252,7.0
1253,1.0
1254,0.0
1255,0.0
1256,0.0
1257,5.0
1258,1.0
1259,8.0
1260,9.0
1261,6.0
1262,1.0
1263,0.0
1264,8.0
1265,9.0
1266,0.0
1267,5.0
1268,6.0
1269,6.0
1270,1.0
1271,1.0
1272,4.0
1273,2.0
1274,6.0
1275,6.0
1276,9.0
1277,6.0
1278,2.0
1279,7.0
1280,3.0
1281,8.0
1282,9.0
1283,8.0
1284,5.0
1285,0.0
1286,1.0
1287,0.0
1288,1.0
1289,6.0
1290,3.0
1291,0.0
1292,6.0
1293,7.0
1294,4.0
1295,0.0
1296,5.0
1297,3.0
1298,9.0
1299,2.0
1300,6.0
1301,1.0
1302,2.0
1303,2.0
1304,6.0
1305,8.0
1306,4.0
1307,0.0
1308,6.0
1309,1.0
1310,5.0
1311,8.0
1312,2.0
1313,1.0
1314,9.0
1315,0.0
1316,5.0
1317,9.0
1318,9.0
1319,3.0
1320,7.0
1321,4.0
1322,0.0
1323,0.0
1324,6.0
1325,2.0
1326,6.0
1327,5.0
1328,1.0
1329,7.0
1330,3.0
1331,3.0
1332,1.0
1333,3.0
1334,0.0
1335,8.0
1336,4.0
1337,3.0
1338,6.0
1339,3.0
1340,0.0
1341,7.0
1342,5.0
1343,9.0
1344,6.0
1345,2.0
1346,0.0
1347,0.0
1348,7.0
1349,0.0
1350,6.0
1351,3.0
1352,3.0
1353,7.0
1354,7.0
1355,9.0
1356,7.0
1357,9.0
1358,1.0
1359,1.0
1360,7.0
1361,9.0
1362,3.0
1363,0.0
1364,7.0
1365,0.0
1366,0.0
1367,2.0
1368,3.0
1369,0.0
1370,9.0
1371,0.0
1372,1.0
1373,7.0
1374,0.0
1375,2.0
1376,3.0
1377,8.0
1378,9.0
1379,1.0
1380,5.0
1381,0.0
1382,4.0
1383,6.0
1384,9.0
1385,5.0
1386,0.0
1387,9.0
1388,8.0
1389,4.0
1390,5.0
1391,9.0
1392,2.0
1393,9.0
1394,5.0
1395,9.0
1396,9.0
1397,0.0
1398,0.0
1399,0.0
1400,7.0
1401,2.0
1402,5.0
1403,2.0
1404,1.0
1405,2.0
1406,0.0
1407,8.0
1408,1.0
1409,4.0
1410,1.0
1411,1.0
1412,1.0
1413,8.0
1414,1.0
1415,5.0
1416,7.0
1417,0.0
1418,4.0
1419,9.0
1420,7.0
1421,6.0
1422,0.0
1423,4.0
1424,7.0
1425,3.0
1426,7.0
1427,7.0
1428,9.0
1429,3.0
1430,9.0
1431,4.0
1432,9.0
1433,7.0
1434,8.0
1435,9.0
1436,9.0
1437,8.0
1438,5.0
1439,5.0
1440,0.0
1441,2.0
1442,6.0
1443,6.0
1444,0.0
1445,5.0
1446,0.0
1447,0.0
1448,7.0
1449,6.0
1450,6.0
1451,1.0
1452,3.0
1453,5.0
1454,5.0
1455,2.0
1456,6.0
1457,8.0
1458,0.0
1459,8.0
1460,6.0
1461,0.0
1462,4.0
1463,7.0
1464,9.0
1465,3.0
1466,7.0
1467,1.0
1468,3.0
1469,4.0
1470,2.0
1471,0.0
1472,9.0
1473,7.0
1474,4.0
1475,9.0
1476,3.0
1477,3.0
1478,0.0
1479,6.0
1480,5.0
1481,3.0
1482,0.0
1483,3.0
1484,6.0
1485,0.0
1486,7.0
1487,9.0
1488,8.0
1489,2.0
1490,1.0
1491,9.0
1492,1.0
1493,6.0
1494,8.0
1495,8.0
1496,2.0
1497,3.0
1498,6.0
1499,1.0
1500,9.0
1501,7.0
1502,3.0
1503,0.0
1504,1.0
1505,5.0
1506,7.0
1507,9.0
1508,8.0
1509,7.0
1510,8.0
1511,0.0
1512,8.0
1513,5.0
1514,7.0
1515,2.0
1516,5.0
1517,1.0
1518,3.0
1519,6.0
1520,7.0
1521,7.0
1522,2.0
1523,4.0
1524,5.0
1525,0.0
1526,5.0
1527,9.0
1528,4.0
1529,5.0
1530,7.0
1531,3.0
1532,0.0
1533,4.0
1534,5.0
1535,7.0
1536,9.0
1537,7.0
1538,6.0
1539,6.0
1540,8.0
1541,2.0
1542,3.0
1543,6.0
1544,7.0
1545,6.0
1546,4.0
1547,0.0
1548,3.0
1549,1.0
1550,9.0
1551,2.0
1552,3.0
1553,2.0
1554,7.0
1555,0.0
1556,0.0
1557,8.0
1558,3.0
1559,5.0
1560,3.0
1561,2.0
1562,2.0
1563,9.0
1564,1.0
1565,6.0
1566,9.0
1567,2.0
1568,0.0
1569,5.0
1570,4.0
1571,6.0
1572,6.0
1573,1.0
1574,0.0
1575,2.0
1576,7.0
1577,6.0
1578,6.0
1579,0.0
1580,1.0
1581,4.0
1582,6.0
1583,7.0
1584,3.0
1585,9.0
1586,5.0
1587,0.0
1588,4.0
1589,6.0
1590,8.0
1591,1.0
1592,0.0
1593,3.0
1594,3.0
1595,7.0
1596,5.0
1597,5.0
1598,3.0
1599,6.0
1600,9.0
1601,9.0
1602,1.0
1603,3.0
1604,9.0
1605,1.0
1606,6.0
1607,2.0
1608,5.0
1609,5.0
1610,0.0
1611,7.0
1612,6.0
1613,8.0
1614,9.0
1615,9.0
1616,7.0
1617,0.0
1618,3.0
1619,7.0
1620,8.0
1621,9.0
1622,5.0
1623,6.0
1624,5.0
1625,1.0
1626,8.0
1627,1.0
1628,3.0
1629,0.0
1630,0.0
1631,0.0
1632,0.0
1633,9.0
1634,2.0
1635,4.0
1636,6.0
1637,5.0
1638,0.0
1639,1.0
1640,7.0
1641,4.0
1642,4.0
1643,6.0
1644,5.0
1645,7.0
1646,3.0
1647,4.0
1648,9.0
1649,7.0
1650,5.0
1651,0.0
1652,0.0
1653,9.0
1654,9.0
1655,9.0
1656,4.0
1657,3.0
1658,1.0
1659,8.0
1660,3.0
1661,6.0
1662,2.0
1663,3.0
1664,3.0
1665,5.0
1666,7.0
1667,5.0
1668,9.0
1669,4.0
1670,6.0
1671,9.0
1672,9.0
1673,8.0
1674,2.0
1675,5.0
1676,0.0
1677,1.0
1678,6.0
1679,4.0
1680,6.0
1681,5.0
1682,7.0
1683,0.0
1684,0.0
1685,6.0
1686,3.0
1687,1.0
1688,7.0
1689,1.0
1690,7.0
1691,8.0
1692,9.0
1693,0.0
1694,3.0
1695,0.0
1696,0.0
1697,9.0
1698,2.0
1699,2.0
1700,3.0
1701,1.0
1702,0.0
1703,5.0
1704,3.0
1705,2.0
1706,1.0
1707,0.0
1708,5.0
1709,2.0
1710,2.0
1711,7.0
1712,0.0
1713,1.0
1714,3.0
1715,8.0
1716,1.0
1717,3.0
1718,9.0
1719,0.0
1720,2.0
1721,9.0
1722,6.0
1723,3.0
1724,4.0
1725,8.0
1726,0.0
1727,1.0
1728,0.0
1729,8.0
1730,0.0
1731,6.0
1732,5.0
1733,6.0
1734,5.0
1735,2.0
1736,6.0
1737,5.0
1738,0.0
1739,9.0
1740,0.0
1741,7.0
1742,8.0
1743,1.0
1744,9.0
1745,7.0
1746,7.0
1747,0.0
1748,0.0
1749,7.0
1750,0.0
1751,8.0
1752,4.0
1753,6.0
1754,9.0
1755,1.0
1756,7.0
1757,6.0
1758,2.0
1759,2.0
1760,0.0
1761,1.0
1762,2.0
1763,0.0
1764,7.0
1765,4.0
1766,6.0
1767,2.0
1768,0.0
1769,6.0
1770,7.0
1771,4.0
1772,3.0
1773,5.0
1774,7.0
1775,3.0
1776,0.0
1777,4.0
1778,0.0
1779,7.0
1780,0.0
1781,6.0
1782,9.0
1783,8.0
1784,0.0
1785,0.0
1786,9.0
1787,3.0
1788,2.0
1789,0.0
1790,0.0
1791,7.0
1792,9.0
1793,3.0
1794,5.0
1795,6.0
1796,0.0
1797,9.0
1798,7.0
1799,0.0
1800,0.0
1801,7.0
1802,6.0
1803,6.0
1804,5.0
1805,1.0
1806,7.0
1807,2.0
1808,7.0
1809,0.0
1810,8.0
1811,5.0
1812,3.0
1813,3.0
1814,9.0
1815,1.0
1816,9.0
1817,6.0
1818,3.0
1819,8.0
1820,1.0
1821,7.0
1822,0.0
1823,9.0
1824,9.0
1825,7.0
1826,8.0
1827,7.0
1828,0.0
1829,1.0
1830,7.0
1831,9.0
1832,0.0
1833,1.0
1834,0.0
1835,3.0
1836,2.0
1837,7.0
1838,0.0
1839,7.0
1840,1.0
1841,9.0
1842,2.0
1843,9.0
1844,0.0
1845,5.0
1846,6.0
1847,8.0
1848,3.0
1849,7.0
1850,0.0
1851,4.0
1852,0.0
1853,9.0
1854,6.0
1855,5.0
1856,0.0
1857,3.0
1858,4.0
1859,6.0
1860,1.0
1861,5.0
1862,5.0
1863,6.0
1864,7.0
1865,0.0
1866,8.0
1867,2.0
1868,3.0
1869,0.0
1870,3.0
1871,3.0
1872,0.0
1873,6.0
1874,0.0
1875,0.0
1876,7.0
1877,5.0
1878,9.0
1879,1.0
1880,3.0
1881,9.0
1882,3.0
1883,6.0
1884,4.0
1885,4.0
1886,2.0
1887,5.0
1888,1.0
1889,0.0
1890,5.0
1891,0.0
1892,2.0
1893,9.0
1894,7.0
1895,0.0
1896,9.0
1897,8.0
1898,6.0
1899,7.0
1900,0.0
1901,5.0
1902,3.0
1903,0.0
1904,9.0
1905,4.0
1906,3.0
1907,7.0
1908,3.0
1909,5.0
1910,7.0
1911,6.0
1912,8.0
1913,1.0
1914,9.0
1915,9.0
1916,5.0
1917,8.0
1918,7.0
1919,7.0
1920,2.0
1921,8.0
1922,5.0
1923,0.0
1924,0.0
1925,9.0
1926,1.0
1927,3.0
1928,4.0
1929,3.0
1930,8.0
1931,4.0
1932,0.0
1933,5.0
1934,0.0
1935,5.0
1936,7.0
1937,1.0
1938,0.0
1939,3.0
1940,2.0
1941,0.0
1942,2.0
1943,0.0
1944,0.0
1945,3.0
1946,0.0
1947,9.0
1948,8.0
1949,0.0
1950,6.0
1951,7.0
1952,7.0
1953,2.0
1954,0.0
1955,1.0
1956,0.0
1957,5.0
1958,9.0
1959,0.0
1960,4.0
1961,6.0
1962,6.0
1963,0.0
1964,5.0
1965,0.0
1966,7.0
1967,5.0
1968,8.0
1969,1.0
1970,5.0
1971,5.0
1972,6.0
1973,0.0
1974,6.0
1975,4.0
1976,8.0
1977,7.0
1978,3.0
1979,2.0
1980,8.0
1981,3.0
1982,6.0
1983,9.0
1984,3.0
1985,2.0
1986,6.0
1987,0.0
1988,5.0
1989,3.0
1990,0.0
1991,1.0
1992,6.0
1993,7.0
1994,9.0
1995,7.0
1996,6.0
1997,3.0
1998,3.0
1999,3.0
2000,2.0
2001,3.0
2002,9.0
2003,7.0
2004,3.0
2005,2.0
2006,7.0
2007,0.0
2008,1.0
2009,9.0
2010,1.0
2011,3.0
2012,5.0
2013,9.0
2014,0.0
2015,5.0
2016,3.0
2017,3.0
2018,1.0
2019,0.0
2020,9.0
2021,0.0
2022,7.0
2023,3.0
2024,6.0
2025,4.0
2026,3.0
2027,1.0
2028,7.0
2029,6.0
2030,1.0
2031,1.0
2032,4.0
2033,2.0
2034,4.0
2035,6.0
2036,3.0
2037,2.0
2038,0.0
2039,8.0
2040,0.0
2041,0.0
2042,1.0
2043,8.0
2044,5.0
2045,1.0
2046,5.0
2047,3.0
2048,0.0
2049,5.0
2050,0.0
2051,3.0
2052,8.0
2053,2.0
2054,3.0
2055,4.0
2056,4.0
2057,5.0
2058,0.0
2059,5.0
2060,3.0
2061,7.0
2062,7.0
2063,1.0
2064,1.0
2065,5.0
2066,7.0
2067,4.0
2068,3.0
2069,7.0
2070,3.0
2071,0.0
2072,2.0
2073,4.0
2074,4.0
2075,9.0
2076,6.0
2077,0.0
2078,9.0
2079,0.0
2080,9.0
2081,5.0
2082,0.0
2083,5.0
2084,7.0
2085,2.0
2086,9.0
2087,0.0
2088,4.0
2089,4.0
2090,4.0
2091,6.0
2092,1.0
2093,6.0
2094,3.0
2095,5.0
2096,1.0
2097,4.0
2098,1.0
2099,1.0
2100,6.0
2101,6.0
2102,0.0
2103,1.0
2104,5.0
2105,2.0
2106,1.0
2107,9.0
2108,2.0
2109,0.0
2110,8.0
2111,1.0
2112,1.0
2113,1.0
2114,7.0
2115,5.0
2116,0.0
2117,0.0
2118,0.0
2119,5.0
2120,8.0
2121,7.0
2122,0.0
2123,4.0
2124,0.0
2125,0.0
2126,9.0
2127,7.0
2128,2.0
2129,2.0
2130,4.0
2131,9.0
2132,6.0
2133,8.0
2134,0.0
2135,8.0
2136,3.0
2137,2.0
2138,7.0
2139,8.0
2140,7.0
2141,5.0
2142,9.0
2143,0.0
2144,3.0
2145,4.0
2146,2.0
2147,5.0
2148,3.0
2149,6.0
2150,9.0
2151,5.0
2152,2.0
2153,8.0
2154,2.0
2155,0.0
2156,8.0
2157,5.0
2158,9.0
2159,9.0
2160,0.0
2161,2.0
2162,5.0
2163,6.0
2164,6.0
2165,0.0
2166,2.0
2167,3.0
2168,1.0
2169,0.0
2170,2.0
2171,9.0
2172,7.0
2173,3.0
2174,6.0
2175,6.0
2176,0.0
2177,5.0
2178,9.0
2179,3.0
2180,2.0
2181,3.0
2182,2.0
2183,8.0
2184,9.0
2185,0.0
2186,4.0
2187,2.0
2188,9.0
2189,4.0
2190,8.0
2191,6.0
2192,3.0
2193,3.0
2194,1.0
2195,3.0
2196,0.0
2197,6.0
2198,9.0
2199,2.0
2200,0.0
2201,5.0
2202,7.0
2203,4.0
2204,9.0
2205,4.0
2206,1.0
2207,3.0
2208,6.0
2209,7.0
2210,4.0
2211,7.0
2212,2.0
2213,6.0
2214,2.0
2215,4.0
2216,3.0
2217,0.0
2218,4.0
2219,7.0
2220,9.0
2221,2.0
2222,7.0
2223,0.0
2224,9.0
2225,7.0
2226,2.0
2227,5.0
2228,7.0
2229,4.0
2230,5.0
2231,7.0
2232,1.0
2233,4.0
2234,0.0
2235,2.0
2236,4.0
2237,6.0
2238,9.0
2239,7.0
2240,9.0
2241,0.0
2242,5.0
2243,3.0
2244,0.0
2245,8.0
2246,1.0
2247,5.0
2248,9.0
2249,0.0
2250,9.0
2251,3.0
2252,7.0
2253,7.0
2254,8.0
2255,5.0
2256,4.0
2257,8.0
2258,9.0
2259,3.0
2260,5.0
2261,6.0
2262,4.0
2263,7.0
2264,5.0
2265,9.0
2266,8.0
2267,5.0
2268,1.0
2269,3.0
2270,8.0
2271,0.0
2272,5.0
2273,2.0
2274,5.0
2275,2.0
2276,9.0
2277,5.0
2278,6.0
2279,9.0
2280,0.0
2281,3.0
2282,0.0
2283,7.0
2284,0.0
2285,7.0
2286,4.0
2287,2.0
2288,2.0
2289,7.0
2290,0.0
2291,4.0
2292,6.0
2293,1.0
2294,1.0
2295,9.0
2296,0.0
2297,9.0
2298,0.0
2299,6.0
2300,3.0
2301,5.0
2302,2.0
2303,6.0
2304,7.0
2305,0.0
2306,7.0
2307,7.0
2308,1.0
2309,6.0
2310,5.0
2311,7.0
2312,2.0
2313,2.0
2314,4.0
2315,2.0
2316,2.0
2317,5.0
2318,2.0
2319,0.0
2320,0.0
2321,1.0
2322,4.0
2323,1.0
2324,8.0
2325,0.0
2326,7.0
2327,2.0
2328,7.0
2329,7.0
2330,0.0
2331,3.0
2332,4.0
2333,6.0
2334,7.0
2335,7.0
2336,9.0
2337,5.0
2338,6.0
2339,6.0
2340,9.0
2341,0.0
2342,9.0
2343,3.0
2344,0.0
2345,5.0
2346,3.0
2347,0.0
2348,3.0
2349,0.0
2350,3.0
2351,1.0
2352,2.0
2353,6.0
2354,0.0
2355,1.0
2356,0.0
2357,5.0
2358,7.0
2359,3.0
2360,3.0
2361,8.0
2362,3.0
2363,6.0
2364,7.0
2365,5.0
2366,3.0
2367,9.0
2368,2.0
2369,0.0
2370,8.0
2371,0.0
2372,5.0
2373,4.0
2374,1.0
2375,0.0
2376,0.0
2377,7.0
2378,1.0
2379,1.0
2380,0.0
2381,3.0
2382,1.0
2383,1.0
2384,4.0
2385,9.0
2386,3.0
2387,3.0
2388,0.0
2389,2.0
2390,1.0
2391,7.0
2392,7.0
2393,1.0
2394,2.0
2395,0.0
2396,9.0
2397,4.0
2398,0.0
2399,8.0
2400,4.0
2401,8.0
2402,9.0
2403,5.0
2404,9.0
2405,4.0
2406,4.0
2407,0.0
2408,4.0
2409,2.0
2410,0.0
2411,0.0
2412,1.0
2413,9.0
2414,7.0
2415,3.0
2416,8.0
2417,3.0
2418,0.0
2419,3.0
2420,1.0
2421,8.0
2422,4.0
2423,5.0
2424,0.0
2425,1.0
2426,0.0
2427,5.0
2428,6.0
2429,0.0
2430,6.0
2431,0.0
2432,0.0
2433,1.0
2434,0.0
2435,2.0
2436,6.0
2437,5.0
2438,0.0
2439,9.0
2440,1.0
2441,6.0
2442,6.0
2443,4.0
2444,5.0
2445,5.0
2446,3.0
2447,8.0
2448,2.0
2449,5.0
2450,7.0
2451,3.0
2452,2.0
2453,2.0
2454,1.0
2455,6.0
2456,0.0
2457,6.0
2458,0.0
2459,5.0
2460,9.0
2461,0.0
2462,5.0
2463,3.0
2464,6.0
2465,9.0
2466,0.0
2467,0.0
2468,0.0
2469,0.0
2470,7.0
2471,8.0
2472,7.0
2473,4.0
2474,4.0
2475,6.0
2476,8.0
2477,1.0
2478,5.0
2479,7.0
2480,9.0
2481,4.0
2482,9.0
2483,5.0
2484,3.0
2485,6.0
2486,2.0
2487,5.0
2488,6.0
2489,7.0
2490,0.0
2491,0.0
2492,8.0
2493,9.0
2494,4.0
2495,3.0
2496,0.0
2497,0.0
2498,8.0
2499,6.0
2500,9.0
2501,4.0
2502,8.0
2503,8.0
2504,6.0
2505,4.0
2506,2.0
2507,3.0
2508,7.0
2509,7.0
2510,7.0
2511,6.0
2512,3.0
2513,2.0
2514,3.0
2515,6.0
2516,3.0
2517,1.0
2518,7.0
2519,7.0
2520,1.0
2521,6.0
2522,0.0
2523,3.0
2524,4.0
2525,9.0
2526,4.0
2527,1.0
2528,9.0
2529,3.0
2530,1.0
2531,3.0
2532,1.0
2533,1.0
2534,9.0
2535,9.0
2536,5.0
2537,1.0
2538,4.0
2539,0.0
2540,7.0
2541,1.0
2542,5.0
2543,3.0
2544,4.0
2545,0.0
2546,0.0
2547,2.0
2548,0.0
2549,6.0
2550,3.0
2551,6.0
2552,1.0
2553,8.0
2554,3.0
2555,9.0
2556,6.0
2557,5.0
2558,8.0
2559,7.0
2560,7.0
2561,6.0
2562,4.0
2563,3.0
2564,5.0
2565,3.0
2566,3.0
2567,3.0
2568,7.0
2569,0.0
2570,3.0
2571,8.0
2572,2.0
2573,7.0
2574,1.0
2575,4.0
2576,3.0
2577,3.0
2578,5.0
2579,5.0
2580,7.0
2581,4.0
2582,7.0
2583,4.0
2584,6.0
2585,4.0
2586,6.0
2587,0.0
2588,6.0
2589,0.0
2590,1.0
2591,9.0
2592,7.0
2593,1.0
2594,0.0
2595,6.0
2596,0.0
2597,2.0
2598,3.0
2599,0.0
2600,1.0
2601,2.0
2602,6.0
2603,9.0
2604,0.0
2605,7.0
2606,1.0
2607,6.0
2608,2.0
2609,9.0
2610,2.0
2611,8.0
2612,3.0
2613,2.0
2614,0.0
2615,7.0
2616,1.0
2617,2.0
2618,6.0
2619,0.0
2620,3.0
2621,0.0
2622,0.0
2623,3.0
2624,8.0
2625,2.0
2626,0.0
2627,2.0
2628,0.0
2629,3.0
2630,6.0
2631,4.0
2632,6.0
2633,1.0
2634,7.0
2635,9.0
2636,1.0
2637,2.0
2638,2.0
2639,4.0
2640,6.0
2641,2.0
2642,7.0
2643,3.0
2644,6.0
2645,9.0
2646,6.0
2647,0.0
2648,4.0
2649,5.0
2650,0.0
2651,0.0
2652,7.0
2653,0.0
2654,6.0
2655,3.0
2656,9.0
2657,1.0
2658,3.0
2659,1.0
2660,3.0
2661,2.0
2662,1.0
2663,7.0
2664,2.0
2665,1.0
2666,3.0
2667,1.0
2668,0.0
2669,6.0
2670,9.0
2671,1.0
2672,9.0
2673,5.0
2674,0.0
2675,3.0
2676,4.0
2677,0.0
2678,0.0
2679,8.0
2680,0.0
2681,2.0
2682,3.0
2683,7.0
2684,3.0
2685,7.0
2686,7.0
2687,8.0
2688,3.0
2689,3.0
2690,5.0
2691,2.0
2692,1.0
2693,9.0
2694,1.0
2695,2.0
2696,0.0
2697,0.0
2698,2.0
2699,2.0
2700,3.0
2701,0.0
2702,6.0
2703,0.0
2704,1.0
2705,8.0
2706,3.0
2707,5.0
2708,2.0
2709,6.0
2710,7.0
2711,2.0
2712,0.0
2713,1.0
2714,0.0
2715,0.0
2716,7.0
2717,4.0
2718,0.0
2719,5.0
2720,6.0
2721,3.0
2722,3.0
2723,9.0
2724,0.0
2725,8.0
2726,3.0
2727,9.0
2728,7.0
2729,3.0
2730,9.0
2731,3.0
2732,7.0
2733,3.0
2734,4.0
2735,6.0
2736,8.0
2737,0.0
2738,3.0
2739,2.0
2740,6.0
2741,7.0
2742,2.0
2743,9.0
2744,9.0
2745,5.0
2746,5.0
2747,3.0
2748,9.0
2749,0.0
2750,3.0
2751,7.0
2752,3.0
2753,1.0
2754,6.0
2755,3.0
2756,7.0
2757,1.0
2758,9.0
2759,1.0
2760,2.0
2761,0.0
2762,7.0
2763,4.0
2764,0.0
2765,9.0
2766,4.0
2767,8.0
2768,2.0
2769,1.0
2770,5.0
2771,3.0
2772,6.0
2773,0.0
2774,7.0
2775,2.0
2776,3.0
2777,3.0
2778,7.0
2779,8.0
2780,3.0
2781,9.0
2782,5.0
2783,0.0
2784,0.0
2785,5.0
2786,7.0
2787,9.0
2788,7.0
2789,0.0
2790,8.0
2791,7.0
2792,0.0
2793,9.0
2794,4.0
2795,3.0
2796,4.0
2797,2.0
2798,7.0
2799,8.0
2800,5.0
2801,5.0
2802,3.0
2803,5.0
2804,2.0
2805,4.0
2806,7.0
2807,9.0
2808,4.0
2809,4.0
2810,2.0
2811,2.0
2812,0.0
2813,8.0
2814,9.0
2815,4.0
2816,7.0
2817,9.0
2818,5.0
2819,1.0
2820,6.0
2821,0.0
2822,7.0
2823,4.0
2824,4.0
2825,6.0
2826,9.0
2827,4.0
2828,3.0
2829,3.0
2830,6.0
2831,1.0
2832,4.0
2833,0.0
2834,2.0
2835,1.0
2836,1.0
2837,0.0
2838,0.0
2839,1.0
2840,3.0
2841,7.0
2842,3.0
2843,5.0
2844,1.0
2845,2.0
2846,6.0
2847,5.0
2848,9.0
2849,5.0
2850,5.0
2851,6.0
2852,2.0
2853,0.0
2854,8.0
2855,6.0
2856,3.0
2857,8.0
2858,7.0
2859,1.0
2860,6.0
2861,7.0
2862,6.0
2863,4.0
2864,5.0
2865,5.0
2866,9.0
2867,9.0
2868,0.0
2869,0.0
2870,8.0
2871,4.0
2872,1.0
2873,9.0
2874,9.0
2875,1.0
2876,8.0
2877,0.0
2878,3.0
2879,3.0
2880,2.0
2881,1.0
2882,3.0
2883,2.0
2884,7.0
2885,3.0
2886,9.0
2887,9.0
2888,3.0
2889,5.0
2890,7.0
2891,7.0
2892,0.0
2893,8.0
2894,3.0
2895,5.0
2896,8.0
2897,3.0
2898,1.0
2899,2.0
2900,5.0
2901,0.0
2902,1.0
2903,4.0
2904,0.0
2905,0.0
2906,1.0
2907,0.0
2908,7.0
2909,8.0
2910,7.0
2911,8.0
2912,6.0
2913,0.0
2914,5.0
2915,5.0
2916,3.0
2917,7.0
2918,3.0
2919,8.0
2920,4.0
2921,0.0
2922,6.0
2923,5.0
2924,1.0
2925,6.0
2926,9.0
2927,0.0
2928,1.0
2929,1.0
2930,3.0
2931,4.0
2932,9.0
2933,2.0
2934,3.0
2935,1.0
2936,8.0
2937,5.0
2938,4.0
2939,3.0
2940,0.0
2941,5.0
2942,3.0
2943,1.0
2944,1.0
2945,7.0
2946,0.0
2947,9.0
2948,0.0
2949,3.0
2950,1.0
2951,0.0
2952,3.0
2953,9.0
2954,9.0
2955,5.0
2956,0.0
2957,8.0
2958,0.0
2959,9.0
2960,3.0
2961,4.0
2962,0.0
2963,8.0
2964,0.0
2965,9.0
2966,9.0
2967,7.0
2968,0.0
2969,0.0
2970,7.0
2971,4.0
2972,9.0
2973,0.0
2974,9.0
2975,7.0
2976,0.0
2977,9.0
2978,5.0
2979,0.0
2980,1.0
2981,2.0
2982,4.0
2983,6.0
2984,2.0
2985,9.0
2986,5.0
2987,6.0
2988,3.0
2989,3.0
2990,5.0
2991,3.0
2992,0.0
2993,4.0
2994,8.0
2995,9.0
2996,8.0
2997,5.0
2998,3.0
2999,2.0
3000,5.0
3001,4.0
3002,0.0
3003,0.0
3004,3.0
3005,0.0
3006,8.0
3007,5.0
3008,1.0
3009,7.0
3010,6.0
3011,3.0
3012,8.0
3013,8.0
3014,5.0
3015,2.0
3016,8.0
3017,8.0
3018,4.0
3019,4.0
3020,1.0
3021,8.0
3022,0.0
3023,2.0
3024,0.0
3025,6.0
3026,7.0
3027,9.0
3028,3.0
3029,9.0
3030,7.0
3031,5.0
3032,5.0
3033,1.0
3034,6.0
3035,6.0
3036,9.0
3037,0.0
3038,4.0
3039,8.0
3040,7.0
3041,7.0
3042,5.0
3043,1.0
3044,9.0
3045,3.0
3046,0.0
3047,6.0
3048,0.0
3049,7.0
3050,3.0
3051,0.0
3052,2.0
3053,7.0
3054,0.0
3055,6.0
3056,5.0
3057,6.0
3058,1.0
3059,8.0
3060,3.0
3061,8.0
3062,0.0
3063,0.0
3064,9.0
3065,4.0
3066,0.0
3067,3.0
3068,0.0
3069,4.0
3070,3.0
3071,1.0
3072,5.0
3073,8.0
3074,1.0
3075,2.0
3076,2.0
3077,1.0
3078,0.0
3079,0.0
3080,7.0
3081,0.0
3082,3.0
3083,3.0
3084,9.0
3085,1.0
3086,9.0
3087,0.0
3088,3.0
3089,0.0
3090,9.0
3091,3.0
3092,2.0
3093,3.0
3094,0.0
3095,7.0
3096,7.0
3097,9.0
3098,2.0
3099,0.0
3100,0.0
3101,7.0
3102,0.0
3103,6.0
3104,7.0
3105,3.0
3106,3.0
3107,1.0
3108,3.0
3109,8.0
3110,7.0
3111,0.0
3112,0.0
3113,2.0
3114,1.0
3115,7.0
3116,2.0
3117,9.0
3118,3.0
3119,6.0
3120,5.0
3121,9.0
3122,1.0
3123,8.0
3124,1.0
3125,5.0
3126,9.0
3127,0.0
3128,9.0
3129,4.0
3130,5.0
3131,7.0
3132,8.0
3133,4.0
3134,9.0
3135,5.0
3136,7.0
3137,0.0
3138,0.0
3139,6.0
3140,1.0
3141,0.0
3142,7.0
3143,7.0
3144,1.0
3145,3.0
3146,6.0
3147,7.0
3148,0.0
3149,9.0
3150,6.0
3151,9.0
3152,6.0
3153,1.0
3154,0.0
3155,0.0
3156,9.0
3157,9.0
3158,9.0
3159,0.0
3160,3.0
3161,0.0
3162,1.0
3163,5.0
3164,2.0
3165,7.0
3166,1.0
3167,3.0
3168,8.0
3169,9.0
3170,5.0
3171,1.0
3172,0.0
3173,8.0
3174,3.0
3175,1.0
3176,7.0
3177,0.0
3178,5.0
3179,1.0
3180,1.0
3181,1.0
3182,1.0
3183,5.0
3184,0.0
3185,5.0
3186,6.0
3187,7.0
3188,6.0
3189,1.0
3190,3.0
3191,3.0
3192,4.0
3193,0.0
3194,3.0
3195,7.0
3196,7.0
3197,2.0
3198,0.0
3199,2.0
3200,5.0
3201,3.0
3202,4.0
3203,2.0
3204,5.0
3205,1.0
3206,3.0
3207,7.0
3208,1.0
3209,2.0
3210,0.0
3211,9.0
3212,6.0
3213,9.0
3214,6.0
3215,1.0
3216,7.0
3217,7.0
3218,7.0
3219,6.0
3220,1.0
3221,3.0
3222,2.0
3223,7.0
3224,6.0
3225,6.0
3226,3.0
3227,2.0
3228,4.0
3229,6.0
3230,4.0
3231,0.0
3232,7.0
3233,1.0
3234,7.0
3235,3.0
3236,7.0
3237,1.0
3238,5.0
3239,1.0
3240,0.0
3241,7.0
3242,7.0
3243,8.0
3244,7.0
3245,0.0
3246,9.0
3247,3.0
3248,0.0
3249,7.0
3250,6.0
3251,3.0
3252,2.0
3253,1.0
3254,1.0
3255,5.0
3256,4.0
3257,9.0
3258,3.0
3259,3.0
3260,0.0
3261,0.0
3262,9.0
3263,1.0
3264,9.0
3265,0.0
3266,7.0
3267,3.0
3268,6.0
3269,9.0
3270,0.0
3271,6.0
3272,0.0
3273,5.0
3274,5.0
3275,2.0
3276,3.0
3277,7.0
3278,0.0
3279,0.0
3280,3.0
3281,2.0
3282,7.0
3283,5.0
3284,5.0
3285,9.0
3286,2.0
3287,6.0
3288,9.0
3289,8.0
3290,5.0
3291,6.0
3292,6.0
3293,0.0
3294,0.0
3295,9.0
3296,3.0
3297,7.0
3298,3.0
3299,7.0
3300,3.0
3301,6.0
3302,0.0
3303,0.0
3304,6.0
3305,0.0
3306,9.0
3307,9.0
3308,0.0
3309,2.0
3310,2.0
3311,3.0
3312,5.0
3313,0.0
3314,3.0
3315,5.0
3316,7.0
3317,4.0
3318,0.0
3319,2.0
3320,9.0
3321,3.0
3322,5.0
3323,1.0
3324,1.0
3325,7.0
3326,4.0
3327,7.0
3328,2.0
3329,3.0
3330,1.0
3331,0.0
3332,5.0
3333,5.0
3334,4.0
3335,0.0
3336,1.0
3337,0.0
3338,0.0
3339,6.0
3340,3.0
3341,1.0
3342,3.0
3343,8.0
3344,5.0
3345,7.0
3346,9.0
3347,0.0
3348,9.0
3349,6.0
3350,9.0
3351,9.0
3352,5.0
3353,5.0
3354,4.0
3355,8.0
3356,7.0
3357,2.0
3358,9.0
3359,3.0
3360,6.0
3361,7.0
3362,9.0
3363,6.0
3364,6.0
3365,0.0
3366,0.0
3367,6.0
3368,9.0
3369,3.0
3370,1.0
3371,1.0
3372,1.0
3373,3.0
3374,9.0
3375,6.0
3376,9.0
3377,5.0
3378,2.0
3379,7.0
3380,9.0
3381,8.0
3382,5.0
3383,9.0
3384,1.0
3385,8.0
3386,7.0
3387,6.0
3388,5.0
3389,1.0
3390,3.0
3391,6.0
3392,5.0
3393,0.0
3394,6.0
3395,0.0
3396,4.0
3397,4.0
3398,0.0
3399,0.0
3400,6.0
3401,4.0
3402,3.0
3403,0.0
3404,5.0
3405,7.0
3406,7.0
3407,9.0
3408,6.0
3409,9.0
3410,9.0
3411,3.0
3412,9.0
3413,6.0
3414,6.0
3415,2.0
3416,0.0
3417,2.0
3418,1.0
3419,2.0
3420,5.0
3421,7.0
3422,9.0
3423,0.0
3424,7.0
3425,0.0
3426,3.0
3427,5.0
3428,1.0
3429,0.0
3430,6.0
3431,5.0
3432,8.0
3433,4.0
3434,8.0
3435,1.0
3436,3.0
3437,7.0
3438,0.0
3439,5.0
3440,6.0
3441,0.0
3442,7.0
3443,2.0
3444,0.0
3445,3.0
3446,6.0
3447,4.0
3448,6.0
3449,5.0
3450,4.0
3451,5.0
3452,0.0
3453,5.0
3454,0.0
3455,4.0
3456,5.0
3457,0.0
3458,3.0
3459,9.0
3460,9.0
3461,1.0
3462,0.0
3463,3.0
3464,6.0
3465,5.0
3466,3.0
3467,0.0
3468,2.0
3469,1.0
3470,1.0
3471,9.0
3472,2.0
3473,6.0
3474,6.0
3475,3.0
3476,9.0
3477,2.0
3478,3.0
3479,3.0
3480,2.0
3481,0.0
3482,1.0
3483,3.0
3484,3.0
3485,9.0
3486,6.0
3487,5.0
3488,9.0
3489,9.0
3490,4.0
3491,2.0
3492,6.0
3493,0.0
3494,9.0
3495,5.0
3496,9.0
3497,5.0
3498,3.0
3499,0.0
3500,2.0
3501,9.0
3502,8.0
3503,2.0
3504,9.0
3505,2.0
3506,2.0
3507,4.0
3508,8.0
3509,0.0
3510,2.0
3511,0.0
3512,4.0
3513,6.0
3514,7.0
3515,8.0
3516,0.0
3517,1.0
3518,7.0
3519,8.0
3520,1.0
3521,8.0
3522,2.0
3523,9.0
3524,2.0
3525,3.0
3526,4.0
3527,7.0
3528,7.0
3529,3.0
3530,3.0
3531,5.0
3532,5.0
3533,6.0
3534,4.0
3535,5.0
3536,0.0
3537,0.0
3538,7.0
3539,9.0
3540,1.0
3541,2.0
3542,9.0
3543,5.0
3544,5.0
3545,7.0
3546,0.0
3547,9.0
3548,0.0
3549,1.0
3550,4.0
3551,3.0
3552,0.0
3553,1.0
3554,6.0
3555,2.0
3556,6.0
3557,4.0
3558,3.0
3559,7.0
3560,1.0
3561,5.0
3562,0.0
3563,3.0
3564,0.0
3565,0.0
3566,3.0
3567,6.0
3568,5.0
3569,6.0
3570,5.0
3571,3.0
3572,4.0
3573,6.0
3574,3.0
3575,9.0
3576,1.0
3577,9.0
3578,9.0
3579,0.0
3580,9.0
3581,6.0
3582,6.0
3583,1.0
3584,3.0
3585,8.0
3586,0.0
3587,0.0
3588,3.0
3589,7.0
3590,4.0
3591,5.0
3592,7.0
3593,8.0
3594,5.0
3595,4.0
3596,6.0
3597,3.0
3598,2.0
3599,7.0
3600,3.0
3601,6.0
3602,9.0
3603,6.0
3604,7.0
3605,4.0
3606,9.0
3607,2.0
3608,0.0
3609,9.0
3610,6.0
3611,6.0
3612,8.0
3613,5.0
3614,7.0
3615,8.0
3616,2.0
3617,5.0
3618,8.0
3619,9.0
3620,4.0
3621,4.0
3622,3.0
3623,5.0
3624,2.0
3625,0.0
3626,9.0
3627,6.0
3628,9.0
3629,4.0
3630,0.0
3631,8.0
3632,0.0
3633,3.0
3634,1.0
3635,4.0
3636,3.0
3637,2.0
3638,9.0
3639,1.0
3640,2.0
3641,0.0
3642,3.0
3643,1.0
3644,9.0
3645,1.0
3646,9.0
3647,1.0
3648,7.0
3649,5.0
3650,0.0
3651,0.0
3652,8.0
3653,3.0
3654,2.0
3655,9.0
3656,3.0
3657,4.0
3658,9.0
3659,2.0
3660,0.0
3661,1.0
3662,7.0
3663,1.0
3664,4.0
3665,7.0
3666,6.0
3667,5.0
3668,2.0
3669,3.0
3670,0.0
3671,7.0
3672,0.0
3673,9.0
3674,6.0
3675,7.0
3676,7.0
3677,9.0
3678,1.0
3679,0.0
3680,4.0
3681,2.0
3682,7.0
3683,3.0
3684,9.0
3685,3.0
3686,1.0
3687,9.0
3688,7.0
3689,0.0
3690,5.0
3691,9.0
3692,1.0
3693,8.0
3694,0.0
3695,0.0
3696,4.0
3697,5.0
3698,0.0
3699,9.0
3700,5.0
3701,1.0
3702,0.0
3703,3.0
3704,4.0
3705,0.0
3706,3.0
3707,6.0
3708,5.0
3709,5.0
3710,2.0
3711,4.0
3712,1.0
3713,5.0
3714,2.0
3715,2.0
3716,3.0
3717,3.0
3718,8.0
3719,7.0
3720,3.0
3721,1.0
3722,7.0
3723,9.0
3724,6.0
3725,7.0
3726,7.0
3727,0.0
3728,3.0
3729,0.0
3730,1.0
3731,9.0
3732,9.0
3733,0.0
3734,3.0
3735,2.0
3736,8.0
3737,7.0
3738,1.0
3739,7.0
3740,9.0
3741,4.0
3742,1.0
3743,9.0
3744,3.0
3745,1.0
3746,6.0
3747,9.0
3748,5.0
3749,5.0
3750,9.0
3751,0.0
3752,1.0
3753,5.0
3754,0.0
3755,5.0
3756,0.0
3757,1.0
3758,2.0
3759,2.0
3760,7.0
3761,0.0
3762,5.0
3763,0.0
3764,1.0
3765,3.0
3766,7.0
3767,6.0
3768,1.0
3769,0.0
3770,3.0
3771,0.0
3772,9.0
3773,3.0
3774,5.0
3775,5.0
3776,9.0
3777,7.0
3778,3.0
3779,3.0
3780,7.0
3781,5.0
3782,3.0
3783,7.0
3784,5.0
3785,5.0
3786,3.0
3787,7.0
3788,7.0
3789,3.0
3790,2.0
3791,7.0
3792,0.0
3793,5.0
3794,9.0
3795,7.0
3796,1.0
3797,5.0
3798,5.0
3799,0.0
3800,0.0
3801,0.0
3802,9.0
3803,1.0
3804,5.0
3805,1.0
3806,1.0
3807,1.0
3808,5.0
3809,7.0
3810,6.0
3811,7.0
3812,9.0
3813,0.0
3814,3.0
3815,7.0
3816,8.0
3817,8.0
3818,9.0
3819,3.0
3820,0.0
3821,1.0
3822,6.0
3823,0.0
3824,3.0
3825,0.0
3826,6.0
3827,4.0
3828,3.0
3829,0.0
3830,5.0
3831,8.0
3832,7.0
3833,9.0
3834,2.0
3835,3.0
3836,7.0
3837,9.0
3838,6.0
3839,5.0
3840,3.0
3841,7.0
3842,0.0
3843,7.0
3844,4.0
3845,0.0
3846,9.0
3847,0.0
3848,0.0
3849,2.0
3850,9.0
3851,2.0
3852,1.0
3853,7.0
3854,1.0
3855,1.0
3856,1.0
3857,8.0
3858,1.0
3859,4.0
3860,7.0
3861,6.0
3862,9.0
3863,0.0
3864,9.0
3865,3.0
3866,0.0
3867,3.0
3868,2.0
3869,0.0
3870,5.0
3871,1.0
3872,7.0
3873,9.0
3874,2.0
3875,8.0
3876,7.0
3877,4.0
3878,5.0
3879,0.0
3880,6.0
3881,5.0
3882,7.0
3883,7.0
3884,7.0
3885,4.0
3886,0.0
3887,3.0
3888,1.0
3889,3.0
3890,1.0
3891,3.0
3892,3.0
3893,7.0
3894,1.0
3895,9.0
3896,2.0
3897,0.0
3898,1.0
3899,2.0
3900,3.0
3901,2.0
3902,9.0
3903,9.0
3904,9.0
3905,2.0
3906,4.0
3907,7.0
3908,4.0
3909,3.0
3910,2.0
3911,0.0
3912,0.0
3913,7.0
3914,7.0
3915,2.0
3916,9.0
3917,0.0
3918,3.0
3919,2.0
3920,9.0
3921,9.0
3922,0.0
3923,8.0
3924,0.0
3925,7.0
3926,0.0
3927,3.0
3928,7.0
3929,3.0
3930,1.0
3931,7.0
3932,8.0
3933,3.0
3934,4.0
3935,0.0
3936,5.0
3937,0.0
3938,8.0
3939,0.0
3940,6.0
3941,5.0
3942,6.0
3943,1.0
3944,9.0
3945,7.0
3946,8.0
3947,2.0
3948,0.0
3949,5.0
3950,0.0
3951,1.0
3952,2.0
3953,6.0
3954,7.0
3955,0.0
3956,3.0
3957,7.0
3958,9.0
3959,2.0
3960,2.0
3961,9.0
3962,4.0
3963,5.0
3964,9.0
3965,0.0
3966,2.0
3967,6.0
3968,0.0
3969,3.0
3970,6.0
3971,0.0
3972,4.0
3973,7.0
3974,8.0
3975,7.0
3976,5.0
3977,2.0
3978,6.0
3979,9.0
3980,9.0
3981,3.0
3982,9.0
3983,5.0
3984,6.0
3985,3.0
3986,7.0
3987,7.0
3988,6.0
3989,6.0
3990,2.0
3991,6.0
3992,7.0
3993,4.0
3994,8.0
3995,5.0
3996,1.0
3997,2.0
3998,7.0
3999,9.0
4000,0.0
4001,7.0
4002,8.0
4003,0.0
4004,0.0
4005,3.0
4006,8.0
4007,1.0
4008,0.0
4009,2.0
4010,4.0
4011,8.0
4012,7.0
4013,5.0
4014,1.0
4015,1.0
4016,6.0
4017,6.0
4018,9.0
4019,9.0
4020,0.0
4021,7.0
4022,6.0
4023,1.0
4024,8.0
4025,4.0
4026,8.0
4027,2.0
4028,0.0
4029,7.0
4030,1.0
4031,5.0
4032,6.0
4033,7.0
4034,4.0
4035,6.0
4036,0.0
4037,3.0
4038,0.0
4039,9.0
4040,0.0
4041,4.0
4042,0.0
4043,7.0
4044,2.0
4045,1.0
4046,5.0
4047,6.0
4048,5.0
4049,2.0
4050,2.0
4051,4.0
4052,2.0
4053,6.0
4054,0.0
4055,9.0
4056,1.0
4057,0.0
4058,5.0
4059,1.0
4060,6.0
4061,8.0
4062,0.0
4063,7.0
4064,4.0
4065,4.0
4066,1.0
4067,9.0
4068,1.0
4069,2.0
4070,9.0
4071,2.0
4072,5.0
4073,6.0
4074,4.0
4075,2.0
4076,2.0
4077,6.0
4078,1.0
4079,0.0
4080,1.0
4081,9.0
4082,8.0
4083,9.0
4084,7.0
4085,3.0
4086,1.0
4087,5.0
4088,0.0
4089,3.0
4090,4.0
4091,8.0
4092,7.0
4093,3.0
4094,0.0
4095,3.0
4096,1.0
4097,7.0
4098,0.0
4099,7.0
4100,4.0
4101,2.0
4102,6.0
4103,8.0
4104,3.0
4105,9.0
4106,8.0
4107,9.0
4108,3.0
4109,6.0
4110,2.0
4111,2.0
4112,7.0
4113,0.0
4114,3.0
4115,0.0
4116,5.0
4117,9.0
4118,4.0
4119,5.0
4120,4.0
4121,7.0
4122,9.0
4123,4.0
4124,2.0
4125,2.0
4126,9.0
4127,7.0
4128,0.0
4129,1.0
4130,3.0
4131,1.0
4132,4.0
4133,1.0
4134,7.0
4135,5.0
4136,2.0
4137,7.0
4138,7.0
4139,2.0
4140,1.0
4141,0.0
4142,9.0
4143,6.0
4144,1.0
4145,0.0
4146,6.0
4147,7.0
4148,1.0
4149,1.0
4150,6.0
4151,6.0
4152,5.0
4153,0.0
4154,2.0
4155,2.0
4156,8.0
4157,2.0
4158,7.0
4159,2.0
4160,7.0
4161,7.0
4162,1.0
4163,4.0
4164,9.0
4165,8.0
4166,7.0
4167,2.0
4168,0.0
4169,1.0
4170,5.0
4171,0.0
4172,5.0
4173,5.0
4174,2.0
4175,9.0
4176,3.0
4177,2.0
4178,7.0
4179,3.0
4180,0.0
4181,4.0
4182,5.0
4183,7.0
4184,2.0
4185,4.0
4186,9.0
4187,0.0
4188,6.0
4189,0.0
4190,7.0
4191,9.0
4192,0.0
4193,8.0
4194,0.0
4195,3.0
4196,0.0
4197,6.0
4198,0.0
4199,0.0
4200,5.0
4201,9.0
4202,3.0
4203,2.0
4204,2.0
4205,7.0
4206,9.0
4207,1.0
4208,3.0
4209,7.0
4210,1.0
4211,4.0
4212,1.0
4213,3.0
4214,9.0
4215,9.0
4216,4.0
4217,1.0
4218,9.0
4219,0.0
4220,0.0
4221,5.0
4222,0.0
4223,0.0
4224,4.0
4225,6.0
4226,0.0
4227,5.0
4228,3.0
4229,0.0
4230,3.0
4231,0.0
4232,5.0
4233,1.0
4234,2.0
4235,9.0
4236,0.0
4237,5.0
4238,9.0
4239,2.0
4240,1.0
4241,7.0
4242,0.0
4243,3.0
4244,4.0
4245,0.0
4246,5.0
4247,3.0
4248,6.0
4249,5.0
4250,6.0
4251,3.0
4252,7.0
4253,1.0
4254,8.0
4255,7.0
4256,0.0
4257,6.0
4258,5.0
4259,3.0
4260,9.0
4261,0.0
4262,4.0
4263,7.0
4264,9.0
4265,1.0
4266,5.0
4267,9.0
4268,4.0
4269,0.0
4270,4.0
4271,3.0
4272,7.0
4273,3.0
4274,1.0
4275,8.0
4276,6.0
4277,1.0
4278,9.0
4279,3.0
4280,0.0
4281,2.0
4282,4.0
4283,6.0
4284,1.0
4285,2.0
4286,0.0
4287,2.0
4288,9.0
4289,1.0
4290,5.0
4291,3.0
4292,1.0
4293,9.0
4294,3.0
4295,0.0
4296,1.0
4297,1.0
4298,1.0
4299,4.0
4300,0.0
4301,6.0
4302,3.0
4303,6.0
4304,2.0
4305,0.0
4306,5.0
4307,2.0
4308,0.0
4309,2.0
4310,7.0
4311,7.0
4312,5.0
4313,2.0
4314,5.0
4315,5.0
4316,0.0
4317,0.0
4318,1.0
4319,6.0
4320,0.0
4321,1.0
4322,2.0
4323,5.0
4324,0.0
4325,2.0
4326,7.0
4327,3.0
4328,0.0
4329,3.0
4330,9.0
4331,6.0
4332,9.0
4333,9.0
4334,1.0
4335,9.0
4336,9.0
4337,6.0
4338,1.0
4339,7.0
4340,0.0
4341,1.0
4342,0.0
4343,5.0
4344,9.0
4345,1.0
4346,1.0
4347,0.0
4348,6.0
4349,0.0
4350,7.0
4351,8.0
4352,6.0
4353,4.0
4354,9.0
4355,5.0
4356,0.0
4357,5.0
4358,7.0
4359,0.0
4360,3.0
4361,0.0
4362,4.0
4363,1.0
4364,7.0
4365,0.0
4366,5.0
4367,7.0
4368,3.0
4369,7.0
4370,0.0
4371,1.0
4372,9.0
4373,0.0
4374,0.0
4375,3.0
4376,7.0
4377,2.0
4378,1.0
4379,1.0
4380,9.0
4381,4.0
4382,7.0
4383,9.0
4384,5.0
4385,1.0
4386,5.0
4387,0.0
4388,4.0
4389,0.0
4390,5.0
4391,1.0
4392,5.0
4393,9.0
4394,5.0
4395,0.0
4396,0.0
4397,0.0
4398,7.0
4399,4.0
4400,6.0
4401,1.0
4402,3.0
4403,3.0
4404,3.0
4405,6.0
4406,8.0
4407,3.0
4408,4.0
4409,8.0
4410,6.0
4411,2.0
4412,7.0
4413,6.0
4414,4.0
4415,2.0
4416,5.0
4417,7.0
4418,8.0
4419,0.0
4420,6.0
4421,7.0
4422,6.0
4423,7.0
4424,0.0
4425,1.0
4426,0.0
4427,2.0
4428,0.0
4429,2.0
4430,0.0
4431,0.0
4432,1.0
4433,8.0
4434,4.0
4435,6.0
4436,4.0
4437,0.0
4438,5.0
4439,9.0
4440,6.0
4441,1.0
4442,7.0
4443,3.0
4444,5.0
4445,0.0
4446,5.0
4447,9.0
4448,5.0
4449,1.0
4450,8.0
4451,4.0
4452,6.0
4453,0.0
4454,3.0
4455,1.0
4456,9.0
4457,3.0
4458,6.0
4459,1.0
4460,0.0
4461,0.0
4462,5.0
4463,7.0
4464,6.0
4465,2.0
4466,1.0
4467,1.0
4468,8.0
4469,3.0
4470,0.0
4471,3.0
4472,7.0
4473,2.0
4474,7.0
4475,3.0
4476,5.0
4477,6.0
4478,6.0
4479,7.0
4480,1.0
4481,1.0
4482,2.0
4483,4.0
4484,2.0
4485,7.0
4486,5.0
4487,3.0
4488,9.0
4489,7.0
4490,1.0
4491,2.0
4492,0.0
4493,5.0
4494,0.0
4495,7.0
4496,3.0
4497,0.0
4498,8.0
4499,7.0
4500,3.0
4501,1.0
4502,9.0
4503,3.0
4504,4.0
4505,4.0
4506,0.0
4507,6.0
4508,0.0
4509,7.0
4510,0.0
4511,6.0
4512,0.0
4513,3.0
4514,9.0
4515,0.0
4516,1.0
4517,0.0
4518,0.0
4519,9.0
4520,2.0
4521,7.0
4522,2.0
4523,5.0
4524,5.0
4525,0.0
4526,5.0
4527,7.0
4528,4.0
4529,5.0
4530,0.0
4531,1.0
4532,1.0
4533,0.0
4534,2.0
4535,5.0
4536,9.0
4537,7.0
4538,8.0
4539,8.0
4540,9.0
4541,2.0
4542,2.0
4543,7.0
4544,4.0
4545,6.0
4546,3.0
4547,5.0
4548,4.0
4549,9.0
4550,5.0
4551,5.0
4552,3.0
4553,9.0
4554,4.0
4555,2.0
4556,2.0
4557,0.0
4558,0.0
4559,6.0
4560,3.0
4561,3.0
4562,2.0
4563,5.0
4564,9.0
4565,7.0
4566,3.0
4567,7.0
4568,0.0
4569,9.0
4570,6.0
4571,7.0
4572,3.0
4573,7.0
4574,3.0
4575,5.0
4576,4.0
4577,9.0
4578,4.0
4579,6.0
4580,2.0
4581,5.0
4582,1.0
4583,4.0
4584,0.0
4585,8.0
4586,0.0
4587,3.0
4588,9.0
4589,4.0
4590,2.0
4591,0.0
4592,2.0
4593,2.0
4594,1.0
4595,1.0
4596,7.0
4597,7.0
4598,1.0
4599,9.0
4600,5.0
4601,1.0
4602,9.0
4603,9.0
4604,1.0
4605,2.0
4606,9.0
4607,2.0
4608,3.0
4609,6.0
4610,6.0
4611,1.0
4612,7.0
4613,1.0
4614,7.0
4615,4.0
4616,4.0
4617,1.0
4618,4.0
4619,7.0
4620,9.0
4621,0.0
4622,5.0
4623,0.0
4624,7.0
4625,7.0
4626,8.0
4627,2.0
4628,5.0
4629,7.0
4630,4.0
4631,5.0
4632,0.0
4633,1.0
4634,0.0
4635,7.0
4636,1.0
4637,3.0
4638,2.0
4639,9.0
4640,3.0
4641,5.0
4642,7.0
4643,3.0
4644,5.0
4645,7.0
4646,3.0
4647,9.0
4648,5.0
4649,0.0
4650,6.0
4651,8.0
4652,3.0
4653,2.0
4654,7.0
4655,1.0
4656,8.0
4657,7.0
4658,1.0
4659,7.0
4660,1.0
4661,4.0
4662,9.0
4663,1.0
4664,9.0
4665,6.0
4666,1.0
4667,0.0
4668,5.0
4669,2.0
4670,9.0
4671,6.0
4672,2.0
4673,0.0
4674,3.0
4675,4.0
4676,1.0
4677,7.0
4678,0.0
4679,5.0
4680,9.0
4681,1.0
4682,1.0
4683,2.0
4684,1.0
4685,6.0
4686,9.0
4687,0.0
4688,6.0
4689,1.0
4690,2.0
4691,6.0
4692,9.0
4693,2.0
4694,3.0
4695,1.0
4696,3.0
4697,6.0
4698,5.0
4699,5.0
4700,6.0
4701,4.0
4702,6.0
4703,1.0
4704,9.0
4705,5.0
4706,2.0
4707,9.0
4708,1.0
4709,9.0
4710,7.0
4711,9.0
4712,7.0
4713,0.0
4714,2.0
4715,9.0
4716,9.0
4717,3.0
4718,5.0
4719,9.0
4720,8.0
4721,1.0
4722,5.0
4723,0.0
4724,0.0
4725,9.0
4726,9.0
4727,9.0
4728,9.0
4729,7.0
4730,2.0
4731,4.0
4732,3.0
4733,1.0
4734,4.0
4735,8.0
4736,3.0
4737,0.0
4738,2.0
4739,7.0
4740,7.0
4741,0.0
4742,0.0
4743,3.0
4744,1.0
4745,0.0
4746,6.0
4747,4.0
4748,1.0
4749,7.0
4750,8.0
4751,6.0
4752,1.0
4753,0.0
4754,1.0
4755,9.0
4756,6.0
4757,4.0
4758,6.0
4759,0.0
4760,7.0
4761,9.0
4762,1.0
4763,0.0
4764,3.0
4765,4.0
4766,9.0
4767,4.0
4768,1.0
4769,0.0
4770,9.0
4771,3.0
4772,5.0
4773,1.0
4774,3.0
4775,2.0
4776,3.0
4777,4.0
4778,6.0
4779,0.0
4780,0.0
4781,9.0
4782,5.0
4783,3.0
4784,8.0
4785,9.0
4786,5.0
4787,9.0
4788,6.0
4789,9.0
4790,1.0
4791,9.0
4792,0.0
4793,2.0
4794,6.0
4795,4.0
4796,9.0
4797,5.0
4798,0.0
4799,1.0
4800,9.0
4801,7.0
4802,4.0
4803,5.0
4804,6.0
4805,9.0
4806,7.0
4807,0.0
4808,0.0
4809,0.0
4810,7.0
4811,3.0
4812,8.0
4813,0.0
4814,6.0
4815,9.0
4816,3.0
4817,5.0
4818,0.0
4819,3.0
4820,5.0
4821,2.0
4822,3.0
4823,8.0
4824,0.0
4825,7.0
4826,3.0
4827,0.0
4828,2.0
4829,3.0
4830,6.0
4831,0.0
4832,6.0
4833,6.0
4834,3.0
4835,5.0
4836,0.0
4837,7.0
4838,9.0
4839,7.0
4840,0.0
4841,1.0
4842,0.0
4843,4.0
4844,2.0
4845,0.0
4846,0.0
4847,7.0
4848,8.0
4849,1.0
4850,9.0
4851,0.0
4852,6.0
4853,7.0
4854,0.0
4855,1.0
4856,3.0
4857,5.0
4858,4.0
4859,5.0
4860,8.0
4861,8.0
4862,3.0
4863,5.0
4864,5.0
4865,6.0
4866,1.0
4867,0.0
4868,8.0
4869,0.0
4870,8.0
4871,5.0
4872,9.0
4873,3.0
4874,7.0
4875,4.0
4876,4.0
4877,3.0
4878,6.0
4879,6.0
4880,4.0
4881,8.0
4882,6.0
4883,7.0
4884,6.0
4885,3.0
4886,7.0
4887,3.0
4888,5.0
4889,7.0
4890,1.0
4891,6.0
4892,7.0
4893,9.0
4894,2.0
4895,1.0
4896,0.0
4897,9.0
4898,5.0
4899,6.0
4900,4.0
4901,7.0
4902,4.0
4903,2.0
4904,9.0
4905,9.0
4906,2.0
4907,1.0
4908,6.0
4909,0.0
4910,1.0
4911,9.0
4912,1.0
4913,9.0
4914,3.0
4915,5.0
4916,6.0
4917,6.0
4918,2.0
4919,8.0
4920,7.0
4921,9.0
4922,4.0
4923,1.0
4924,7.0
4925,9.0
4926,8.0
4927,1.0
4928,0.0
4929,7.0
4930,1.0
4931,0.0
4932,0.0
4933,3.0
4934,3.0
4935,3.0
4936,0.0
4937,1.0
4938,0.0
4939,3.0
4940,4.0
4941,6.0
4942,6.0
4943,9.0
4944,0.0
4945,6.0
4946,2.0
4947,3.0
4948,1.0
4949,9.0
4950,7.0
4951,2.0
4952,1.0
4953,0.0
4954,0.0
4955,8.0
4956,7.0
4957,6.0
4958,2.0
4959,0.0
4960,7.0
4961,0.0
4962,9.0
4963,4.0
4964,2.0
4965,5.0
4966,9.0
4967,6.0
4968,0.0
4969,1.0
4970,5.0
4971,1.0
4972,7.0
4973,9.0
4974,1.0
4975,2.0
4976,9.0
4977,1.0
4978,2.0
4979,6.0
4980,9.0
4981,0.0
4982,1.0
4983,7.0
4984,6.0
4985,2.0
4986,9.0
4987,7.0
4988,9.0
4989,5.0
4990,6.0
4991,0.0
4992,1.0
4993,9.0
4994,7.0
4995,5.0
4996,4.0
4997,0.0
4998,6.0
4999,1.0
5000,3.0
5001,5.0
5002,8.0
5003,7.0
5004,2.0
5005,7.0
5006,9.0
5007,5.0
5008,7.0
5009,8.0
5010,7.0
5011,1.0
5012,5.0
5013,8.0
5014,0.0
5015,4.0
5016,6.0
5017,0.0
5018,0.0
5019,1.0
5020,1.0
5021,0.0
5022,2.0
5023,7.0
5024,8.0
5025,8.0
5026,2.0
5027,0.0
5028,6.0
5029,5.0
5030,7.0
5031,0.0
5032,0.0
5033,5.0
5034,0.0
5035,5.0
5036,0.0
5037,8.0
5038,4.0
5039,6.0
5040,4.0
5041,9.0
5042,7.0
5043,0.0
5044,2.0
5045,7.0
5046,0.0
5047,5.0
5048,9.0
5049,7.0
5050,1.0
5051,9.0
5052,6.0
5053,5.0
5054,6.0
5055,4.0
5056,1.0
5057,7.0
5058,0.0
5059,4.0
5060,6.0
5061,7.0
5062,2.0
5063,0.0
5064,6.0
5065,0.0
5066,2.0
5067,1.0
5068,2.0
5069,0.0
5070,8.0
5071,1.0
5072,0.0
5073,5.0
5074,9.0
5075,5.0
5076,3.0
5077,0.0
5078,1.0
5079,3.0
5080,7.0
5081,8.0
5082,1.0
5083,9.0
5084,5.0
5085,6.0
5086,4.0
5087,9.0
5088,5.0
5089,5.0
5090,0.0
5091,3.0
5092,9.0
5093,0.0
5094,2.0
5095,8.0
5096,1.0
5097,8.0
5098,8.0
5099,0.0
5100,4.0
5101,5.0
5102,7.0
5103,9.0
5104,9.0
5105,7.0
5106,4.0
5107,6.0
5108,9.0
5109,0.0
5110,0.0
5111,2.0
5112,9.0
5113,6.0
5114,7.0
5115,5.0
5116,5.0
5117,5.0
5118,6.0
5119,3.0
5120,0.0
5121,6.0
5122,7.0
5123,9.0
5124,0.0
5125,1.0
5126,6.0
5127,8.0
5128,7.0
5129,6.0
5130,8.0
5131,4.0
5132,4.0
5133,2.0
5134,2.0
5135,0.0
5136,1.0
5137,9.0
5138,0.0
5139,5.0
5140,1.0
5141,5.0
5142,0.0
5143,0.0
5144,1.0
5145,4.0
5146,6.0
5147,2.0
5148,3.0
5149,4.0
5150,2.0
5151,8.0
5152,9.0
5153,4.0
5154,8.0
5155,2.0
5156,8.0
5157,2.0
5158,7.0
5159,2.0
5160,0.0
5161,3.0
5162,8.0
5163,2.0
5164,0.0
5165,5.0
5166,8.0
5167,2.0
5168,7.0
5169,0.0
5170,1.0
5171,2.0
5172,7.0
5173,2.0
5174,1.0
5175,1.0
5176,1.0
5177,6.0
5178,3.0
5179,5.0
5180,2.0
5181,9.0
5182,9.0
5183,9.0
5184,5.0
5185,1.0
5186,6.0
5187,4.0
5188,8.0
5189,0.0
5190,8.0
5191,9.0
5192,8.0
5193,5.0
5194,3.0
5195,2.0
5196,0.0
5197,9.0
5198,0.0
5199,7.0
5200,6.0
5201,8.0
5202,9.0
5203,6.0
5204,3.0
5205,0.0
5206,7.0
5207,4.0
5208,2.0
5209,7.0
5210,5.0
5211,6.0
5212,3.0
5213,5.0
5214,5.0
5215,9.0
5216,3.0
5217,1.0
5218,3.0
5219,2.0
5220,0.0
5221,7.0
5222,7.0
5223,0.0
5224,8.0
5225,0.0
5226,6.0
5227,7.0
5228,3.0
5229,9.0
5230,1.0
5231,2.0
5232,8.0
5233,9.0
5234,4.0
5235,6.0
5236,9.0
5237,2.0
5238,0.0
5239,0.0
5240,2.0
5241,6.0
5242,0.0
5243,0.0
5244,2.0
5245,1.0
5246,2.0
5247,0.0
5248,9.0
5249,8.0
5250,5.0
5251,3.0
5252,4.0
5253,4.0
5254,0.0
5255,1.0
5256,0.0
5257,3.0
5258,5.0
5259,6.0
5260,0.0
5261,0.0
5262,7.0
5263,1.0
5264,7.0
5265,4.0
5266,2.0
5267,2.0
5268,2.0
5269,2.0
5270,5.0
5271,3.0
5272,4.0
5273,5.0
5274,2.0
5275,7.0
5276,1.0
5277,1.0
5278,9.0
5279,0.0
5280,9.0
5281,6.0
5282,8.0
5283,2.0
5284,3.0
5285,1.0
5286,6.0
5287,7.0
5288,6.0
5289,2.0
5290,1.0
5291,0.0
5292,1.0
5293,4.0
5294,5.0
5295,7.0
5296,4.0
5297,3.0
5298,0.0
5299,7.0
5300,8.0
5301,1.0
5302,0.0
5303,3.0
5304,1.0
5305,2.0
5306,2.0
5307,1.0
5308,9.0
5309,0.0
5310,8.0
5311,4.0
5312,5.0
5313,0.0
5314,2.0
5315,9.0
5316,9.0
5317,5.0
5318,0.0
5319,7.0
5320,3.0
5321,6.0
5322,3.0
5323,1.0
5324,0.0
5325,0.0
5326,3.0
5327,4.0
5328,8.0
5329,8.0
5330,6.0
5331,2.0
5332,9.0
5333,7.0
5334,6.0
5335,4.0
5336,3.0
5337,3.0
5338,5.0
5339,0.0
5340,5.0
5341,5.0
5342,0.0
5343,1.0
5344,3.0
5345,7.0
5346,8.0
5347,3.0
5348,5.0
5349,1.0
5350,4.0
5351,3.0
5352,5.0
5353,1.0
5354,6.0
5355,0.0
5356,6.0
5357,0.0
5358,7.0
5359,4.0
5360,1.0
5361,9.0
5362,1.0
5363,7.0
5364,7.0
5365,5.0
5366,7.0
5367,6.0
5368,2.0
5369,2.0
5370,3.0
5371,1.0
5372,8.0
5373,6.0
5374,1.0
5375,9.0
5376,5.0
5377,8.0
5378,7.0
5379,7.0
5380,9.0
5381,3.0
5382,0.0
5383,3.0
5384,6.0
5385,9.0
5386,8.0
5387,5.0
5388,5.0
5389,6.0
5390,1.0
5391,1.0
5392,0.0
5393,0.0
5394,0.0
5395,0.0
5396,0.0
5397,0.0
5398,6.0
5399,3.0
5400,9.0
5401,0.0
5402,4.0
5403,2.0
5404,2.0
5405,0.0
5406,7.0
5407,7.0
5408,9.0
5409,6.0
5410,4.0
5411,7.0
5412,7.0
5413,3.0
5414,7.0
5415,2.0
5416,9.0
5417,0.0
5418,1.0
5419,5.0
5420,2.0
5421,3.0
5422,1.0
5423,2.0
5424,5.0
5425,6.0
5426,5.0
5427,1.0
5428,2.0
5429,9.0
5430,7.0
5431,9.0
5432,1.0
5433,6.0
5434,5.0
5435,0.0
5436,6.0
5437,7.0
5438,7.0
5439,1.0
5440,0.0
5441,4.0
5442,2.0
5443,6.0
5444,1.0
5445,2.0
5446,1.0
5447,5.0
5448,9.0
5449,9.0
5450,1.0
5451,4.0
5452,0.0
5453,0.0
5454,0.0
5455,7.0
5456,1.0
5457,0.0
5458,7.0
5459,6.0
5460,1.0
5461,1.0
5462,6.0
5463,5.0
5464,9.0
5465,7.0
5466,1.0
5467,7.0
5468,5.0
5469,9.0
5470,5.0
5471,5.0
5472,9.0
5473,5.0
5474,5.0
5475,3.0
5476,6.0
5477,0.0
5478,3.0
5479,6.0
5480,6.0
5481,7.0
5482,9.0
5483,1.0
5484,7.0
5485,0.0
5486,6.0
5487,3.0
5488,9.0
5489,9.0
5490,9.0
5491,7.0
5492,0.0
5493,7.0
5494,8.0
5495,7.0
5496,4.0
5497,2.0
5498,1.0
5499,6.0
5500,9.0
5501,1.0
5502,6.0
5503,1.0
5504,6.0
5505,7.0
5506,5.0
5507,4.0
5508,0.0
5509,1.0
5510,4.0
5511,6.0
5512,9.0
5513,2.0
5514,0.0
5515,2.0
5516,2.0
5517,9.0
5518,0.0
5519,6.0
5520,6.0
5521,1.0
5522,8.0
5523,7.0
5524,0.0
5525,4.0
5526,8.0
5527,6.0
5528,7.0
5529,0.0
5530,0.0
5531,8.0
5532,3.0
5533,4.0
5534,2.0
5535,7.0
5536,7.0
5537,1.0
5538,7.0
5539,7.0
5540,7.0
5541,0.0
5542,0.0
5543,0.0
5544,1.0
5545,3.0
5546,5.0
5547,0.0
5548,6.0
5549,4.0
5550,3.0
5551,1.0
5552,5.0
5553,7.0
5554,1.0
5555,3.0
5556,1.0
5557,5.0
5558,4.0
5559,5.0
5560,5.0
5561,9.0
5562,2.0
5563,6.0
5564,1.0
5565,7.0
5566,9.0
5567,4.0
5568,1.0
5569,1.0
5570,3.0
5571,9.0
5572,9.0
5573,6.0
5574,7.0
5575,3.0
5576,3.0
5577,4.0
5578,6.0
5579,9.0
5580,6.0
5581,5.0
5582,5.0
5583,0.0
5584,4.0
5585,2.0
5586,0.0
5587,0.0
5588,3.0
5589,2.0
5590,3.0
5591,6.0
5592,6.0
5593,9.0
5594,9.0
5595,2.0
5596,9.0
5597,2.0
5598,1.0
5599,4.0
5600,6.0
5601,0.0
5602,6.0
5603,7.0
5604,1.0
5605,6.0
5606,9.0
5607,1.0
5608,7.0
5609,8.0
5610,0.0
5611,5.0
5612,0.0
5613,7.0
5614,0.0
5615,5.0
5616,5.0
5617,5.0
5618,9.0
5619,1.0
5620,2.0
5621,9.0
5622,7.0
5623,5.0
5624,1.0
5625,3.0
5626,2.0
5627,3.0
5628,1.0
5629,5.0
5630,8.0
5631,7.0
5632,3.0
5633,5.0
5634,2.0
5635,7.0
5636,4.0
5637,4.0
5638,2.0
5639,1.0
5640,0.0
5641,2.0
5642,2.0
5643,3.0
5644,3.0
5645,5.0
5646,0.0
5647,9.0
5648,0.0
5649,2.0
5650,6.0
5651,6.0
5652,4.0
5653,1.0
5654,2.0
5655,6.0
5656,0.0
5657,1.0
5658,4.0
5659,8.0
5660,9.0
5661,7.0
5662,8.0
5663,1.0
5664,6.0
5665,0.0
5666,1.0
5667,1.0
5668,7.0
5669,1.0
5670,5.0
5671,6.0
5672,0.0
5673,7.0
5674,0.0
5675,4.0
5676,6.0
5677,7.0
5678,6.0
5679,0.0
5680,1.0
5681,2.0
5682,0.0
5683,2.0
5684,7.0
5685,1.0
5686,4.0
5687,3.0
5688,1.0
5689,7.0
5690,2.0
5691,1.0
5692,8.0
5693,7.0
5694,5.0
5695,7.0
5696,3.0
5697,1.0
5698,5.0
5699,2.0
5700,1.0
5701,8.0
5702,0.0
5703,7.0
5704,7.0
5705,3.0
5706,4.0
5707,0.0
5708,3.0
5709,5.0
5710,3.0
5711,2.0
5712,2.0
5713,5.0
5714,2.0
5715,6.0
5716,3.0
5717,6.0
5718,1.0
5719,3.0
5720,9.0
5721,0.0
5722,0.0
5723,1.0
5724,5.0
5725,5.0
5726,9.0
5727,6.0
5728,2.0
5729,0.0
5730,6.0
5731,3.0
5732,3.0
5733,7.0
5734,6.0
5735,0.0
5736,5.0
5737,8.0
5738,5.0
5739,2.0
5740,2.0
5741,4.0
5742,2.0
5743,7.0
5744,4.0
5745,4.0
5746,7.0
5747,0.0
5748,8.0
5749,7.0
5750,6.0
5751,2.0
5752,7.0
5753,4.0
5754,5.0
5755,3.0
5756,0.0
5757,7.0
5758,9.0
5759,7.0
5760,4.0
5761,3.0
5762,0.0
5763,9.0
5764,7.0
5765,9.0
5766,8.0
5767,9.0
5768,9.0
5769,1.0
5770,8.0
5771,5.0
5772,9.0
5773,5.0
5774,7.0
5775,9.0
5776,9.0
5777,8.0
5778,7.0
5779,9.0
5780,7.0
5781,5.0
5782,7.0
5783,0.0
5784,6.0
5785,4.0
5786,7.0
5787,6.0
5788,8.0
5789,7.0
5790,5.0
5791,0.0
5792,2.0
5793,9.0
5794,3.0
5795,4.0
5796,8.0
5797,1.0
5798,0.0
5799,1.0
5800,7.0
5801,1.0
5802,2.0
5803,8.0
5804,0.0
5805,1.0
5806,0.0
5807,5.0
5808,6.0
5809,1.0
5810,5.0
5811,1.0
5812,5.0
5813,7.0
5814,9.0
5815,2.0
5816,2.0
5817,6.0
5818,7.0
5819,3.0
5820,2.0
5821,0.0
5822,2.0
5823,2.0
5824,9.0
5825,1.0
5826,5.0
5827,0.0
5828,5.0
5829,2.0
5830,6.0
5831,5.0
5832,3.0
5833,4.0
5834,5.0
5835,2.0
5836,5.0
5837,2.0
5838,6.0
5839,6.0
5840,5.0
5841,7.0
5842,6.0
5843,6.0
5844,0.0
5845,7.0
5846,5.0
5847,7.0
5848,4.0
5849,9.0
5850,2.0
5851,1.0
5852,8.0
5853,0.0
5854,3.0
5855,2.0
5856,5.0
5857,0.0
5858,7.0
5859,8.0
5860,0.0
5861,5.0
5862,9.0
5863,0.0
5864,1.0
5865,4.0
5866,7.0
5867,2.0
5868,8.0
5869,8.0
5870,9.0
5871,2.0
5872,1.0
5873,2.0
5874,6.0
5875,7.0
5876,7.0
5877,1.0
5878,3.0
5879,1.0
5880,1.0
5881,5.0
5882,9.0
5883,6.0
5884,6.0
5885,4.0
5886,3.0
5887,1.0
5888,9.0
5889,7.0
5890,5.0
5891,0.0
5892,0.0
5893,0.0
5894,7.0
5895,6.0
5896,1.0
5897,2.0
5898,6.0
5899,1.0
5900,7.0
5901,5.0
5902,9.0
5903,8.0
5904,6.0
5905,1.0
5906,2.0
5907,5.0
5908,5.0
5909,8.0
5910,0.0
5911,6.0
5912,1.0
5913,7.0
5914,1.0
5915,2.0
5916,1.0
5917,2.0
5918,1.0
5919,0.0
5920,8.0
5921,7.0
5922,7.0
5923,0.0
5924,8.0
5925,7.0
5926,0.0
5927,6.0
5928,7.0
5929,5.0
5930,8.0
5931,9.0
5932,2.0
5933,8.0
5934,3.0
5935,7.0
5936,7.0
5937,1.0
5938,3.0
5939,8.0
5940,7.0
5941,0.0
5942,9.0
5943,4.0
5944,7.0
5945,7.0
5946,1.0
5947,5.0
5948,0.0
5949,2.0
5950,8.0
5951,0.0
5952,2.0
5953,5.0
5954,1.0
5955,4.0
5956,9.0
5957,3.0
5958,0.0
5959,0.0
5960,7.0
5961,6.0
5962,7.0
5963,1.0
5964,0.0
5965,2.0
5966,9.0
5967,9.0
5968,0.0
5969,3.0
5970,1.0
5971,1.0
5972,0.0
5973,6.0
5974,0.0
5975,0.0
5976,7.0
5977,6.0
5978,6.0
5979,3.0
5980,9.0
5981,7.0
5982,7.0
5983,7.0
5984,0.0
5985,7.0
5986,9.0
5987,6.0
5988,9.0
5989,8.0
5990,0.0
5991,4.0
5992,7.0
5993,5.0
5994,6.0
5995,0.0
5996,2.0
5997,7.0
5998,3.0
5999,1.0
6000,9.0
6001,0.0
6002,3.0
6003,0.0
6004,0.0
6005,7.0
6006,9.0
6007,6.0
6008,5.0
6009,2.0
6010,5.0
6011,5.0
6012,2.0
6013,3.0
6014,0.0
6015,6.0
6016,6.0
6017,9.0
6018,6.0
6019,6.0
6020,9.0
6021,4.0
6022,0.0
6023,5.0
6024,8.0
6025,6.0
6026,5.0
6027,5.0
6028,8.0
6029,0.0
6030,5.0
6031,3.0
6032,1.0
6033,4.0
6034,7.0
6035,7.0
6036,0.0
6037,3.0
6038,5.0
6039,0.0
6040,1.0
6041,0.0
6042,7.0
6043,2.0
6044,3.0
6045,8.0
6046,2.0
6047,0.0
6048,1.0
6049,0.0
6050,4.0
6051,2.0
6052,0.0
6053,2.0
6054,2.0
6055,0.0
6056,7.0
6057,8.0
6058,7.0
6059,9.0
6060,3.0
6061,0.0
6062,7.0
6063,3.0
6064,6.0
6065,2.0
6066,2.0
6067,1.0
6068,3.0
6069,0.0
6070,9.0
6071,1.0
6072,6.0
6073,3.0
6074,9.0
6075,3.0
6076,7.0
6077,7.0
6078,4.0
6079,3.0
6080,1.0
6081,2.0
6082,3.0
6083,7.0
6084,1.0
6085,9.0
6086,1.0
6087,3.0
6088,6.0
6089,2.0
6090,9.0
6091,0.0
6092,5.0
6093,5.0
6094,5.0
6095,1.0
6096,2.0
6097,7.0
6098,5.0
6099,0.0
6100,1.0
6101,2.0
6102,2.0
6103,3.0
6104,1.0
6105,0.0
6106,2.0
6107,0.0
6108,3.0
6109,7.0
6110,9.0
6111,0.0
6112,5.0
6113,7.0
6114,1.0
6115,8.0
6116,6.0
6117,1.0
6118,0.0
6119,1.0
6120,5.0
6121,3.0
6122,6.0
6123,4.0
6124,3.0
6125,1.0
6126,3.0
6127,2.0
6128,0.0
6129,8.0
6130,0.0
6131,8.0
6132,7.0
6133,3.0
6134,2.0
6135,9.0
6136,2.0
6137,7.0
6138,3.0
6139,1.0
6140,9.0
6141,8.0
6142,9.0
6143,6.0
6144,4.0
6145,9.0
6146,0.0
6147,0.0
6148,2.0
6149,7.0
6150,0.0
6151,7.0
6152,3.0
6153,7.0
6154,4.0
6155,0.0
6156,1.0
6157,7.0
6158,8.0
6159,1.0
6160,6.0
6161,5.0
6162,0.0
6163,0.0
6164,8.0
6165,9.0
6166,1.0
6167,0.0
6168,4.0
6169,0.0
6170,2.0
6171,3.0
6172,0.0
6173,3.0
6174,0.0
6175,6.0
6176,1.0
6177,3.0
6178,2.0
6179,1.0
6180,0.0
6181,8.0
6182,1.0
6183,5.0
6184,7.0
6185,2.0
6186,9.0
6187,0.0
6188,8.0
6189,0.0
6190,9.0
6191,8.0
6192,6.0
6193,9.0
6194,0.0
6195,6.0
6196,3.0
6197,3.0
6198,7.0
6199,5.0
6200,3.0
6201,1.0
6202,7.0
6203,6.0
6204,7.0
6205,0.0
6206,3.0
6207,0.0
6208,9.0
6209,7.0
6210,2.0
6211,8.0
6212,0.0
6213,7.0
6214,6.0
6215,0.0
6216,0.0
6217,5.0
6218,6.0
6219,1.0
6220,7.0
6221,0.0
6222,0.0
6223,7.0
6224,5.0
6225,3.0
6226,3.0
6227,3.0
6228,4.0
6229,4.0
6230,3.0
6231,1.0
6232,6.0
6233,7.0
6234,6.0
6235,3.0
6236,8.0
6237,5.0
6238,8.0
6239,6.0
6240,2.0
6241,4.0
6242,0.0
6243,2.0
6244,0.0
6245,5.0
6246,1.0
6247,4.0
6248,4.0
6249,3.0
6250,7.0
6251,0.0
6252,3.0
6253,5.0
6254,2.0
6255,7.0
6256,9.0
6257,3.0
6258,3.0
6259,2.0
6260,6.0
6261,0.0
6262,0.0
6263,9.0
6264,2.0
6265,4.0
6266,3.0
6267,1.0
6268,5.0
6269,1.0
6270,6.0
6271,3.0
6272,5.0
6273,1.0
6274,5.0
6275,7.0
6276,5.0
6277,0.0
6278,5.0
6279,9.0
6280,3.0
6281,5.0
6282,7.0
6283,3.0
6284,7.0
6285,0.0
6286,0.0
6287,7.0
6288,6.0
6289,0.0
6290,5.0
6291,0.0
6292,2.0
6293,3.0
6294,0.0
6295,0.0
6296,0.0
6297,5.0
6298,4.0
6299,9.0
6300,6.0
6301,9.0
6302,0.0
6303,9.0
6304,0.0
6305,7.0
6306,0.0
6307,0.0
6308,5.0
6309,4.0
6310,5.0
6311,0.0
6312,7.0
6313,9.0
6314,6.0
6315,5.0
6316,0.0
6317,0.0
6318,0.0
6319,9.0
6320,0.0
6321,5.0
6322,7.0
6323,5.0
6324,7.0
6325,7.0
6326,4.0
6327,2.0
6328,0.0
6329,4.0
6330,3.0
6331,0.0
6332,3.0
6333,3.0
6334,1.0
6335,1.0
6336,4.0
6337,0.0
6338,3.0
6339,1.0
6340,2.0
6341,0.0
6342,0.0
6343,8.0
6344,5.0
6345,7.0
6346,0.0
6347,0.0
6348,8.0
6349,0.0
6350,0.0
6351,0.0
6352,2.0
6353,4.0
6354,6.0
6355,0.0
6356,2.0
6357,3.0
6358,1.0
6359,9.0
6360,2.0
6361,0.0
6362,7.0
6363,0.0
6364,8.0
6365,8.0
6366,0.0
6367,3.0
6368,0.0
6369,2.0
6370,5.0
6371,9.0
6372,5.0
6373,6.0
6374,0.0
6375,4.0
6376,1.0
6377,9.0
6378,1.0
6379,1.0
6380,6.0
6381,1.0
6382,3.0
6383,7.0
6384,4.0
6385,3.0
6386,5.0
6387,6.0
6388,1.0
6389,3.0
6390,7.0
6391,7.0
6392,7.0
6393,3.0
6394,0.0
6395,8.0
6396,3.0
6397,2.0
6398,6.0
6399,0.0
6400,3.0
6401,5.0
6402,9.0
6403,5.0
6404,7.0
6405,1.0
6406,1.0
6407,2.0
6408,1.0
6409,1.0
6410,1.0
6411,0.0
6412,0.0
6413,6.0
6414,4.0
6415,7.0
6416,7.0
6417,7.0
6418,0.0
6419,0.0
6420,7.0
6421,2.0
6422,3.0
6423,2.0
6424,0.0
6425,9.0
6426,1.0
6427,4.0
6428,2.0
6429,4.0
6430,7.0
6431,0.0
6432,7.0
6433,5.0
6434,0.0
6435,7.0
6436,0.0
6437,3.0
6438,9.0
6439,0.0
6440,0.0
6441,5.0
6442,3.0
6443,2.0
6444,3.0
6445,1.0
6446,0.0
6447,0.0
6448,7.0
6449,0.0
6450,8.0
6451,0.0
6452,3.0
6453,1.0
6454,7.0
6455,6.0
6456,2.0
6457,7.0
6458,2.0
6459,6.0
6460,6.0
6461,6.0
6462,3.0
6463,8.0
6464,9.0
6465,4.0
6466,8.0
6467,6.0
6468,8.0
6469,6.0
6470,9.0
6471,7.0
6472,0.0
6473,9.0
6474,1.0
6475,6.0
6476,0.0
6477,7.0
6478,9.0
6479,4.0
6480,4.0
6481,1.0
6482,7.0
6483,6.0
6484,8.0
6485,8.0
6486,1.0
6487,6.0
6488,9.0
6489,8.0
6490,0.0
6491,8.0
6492,7.0
6493,1.0
6494,7.0
6495,4.0
6496,7.0
6497,4.0
6498,7.0
6499,2.0
6500,6.0
6501,9.0
6502,6.0
6503,2.0
6504,2.0
6505,1.0
6506,5.0
6507,6.0
6508,4.0
6509,9.0
6510,1.0
6511,1.0
6512,6.0
6513,4.0
6514,5.0
6515,6.0
6516,2.0
6517,9.0
6518,4.0
6519,4.0
6520,2.0
6521,7.0
6522,9.0
6523,6.0
6524,0.0
6525,6.0
6526,1.0
6527,5.0
6528,0.0
6529,2.0
6530,5.0
6531,5.0
6532,7.0
6533,9.0
6534,7.0
6535,7.0
6536,7.0
6537,8.0
6538,6.0
6539,7.0
6540,6.0
6541,9.0
6542,4.0
6543,7.0
6544,0.0
6545,0.0
6546,0.0
6547,2.0
6548,0.0
6549,1.0
6550,0.0
6551,4.0
6552,9.0
6553,2.0
6554,7.0
6555,1.0
6556,7.0
6557,1.0
6558,3.0
6559,2.0
6560,4.0
6561,8.0
6562,8.0
6563,4.0
6564,2.0
6565,6.0
6566,4.0
6567,2.0
6568,3.0
6569,0.0
6570,0.0
6571,7.0
6572,7.0
6573,1.0
6574,0.0
6575,6.0
6576,1.0
6577,6.0
6578,6.0
6579,7.0
6580,9.0
6581,7.0
6582,4.0
6583,0.0
6584,2.0
6585,1.0
6586,6.0
6587,3.0
6588,0.0
6589,6.0
6590,6.0
6591,5.0
6592,5.0
6593,1.0
6594,0.0
6595,3.0
6596,5.0
6597,1.0
6598,9.0
6599,6.0
6600,7.0
6601,0.0
6602,8.0
6603,6.0
6604,5.0
6605,3.0
6606,1.0
6607,1.0
6608,5.0
6609,5.0
6610,9.0
6611,0.0
6612,5.0
6613,3.0
6614,2.0
6615,9.0
6616,0.0
6617,5.0
6618,0.0
6619,7.0
6620,9.0
6621,7.0
6622,7.0
6623,0.0
6624,7.0
6625,5.0
6626,2.0
6627,3.0
6628,2.0
6629,0.0
6630,3.0
6631,3.0
6632,2.0
6633,6.0
6634,3.0
6635,4.0
6636,2.0
6637,0.0
6638,9.0
6639,0.0
6640,1.0
6641,0.0
6642,5.0
6643,1.0
6644,0.0
6645,6.0
6646,5.0
6647,3.0
6648,0.0
6649,0.0
6650,6.0
6651,6.0
6652,2.0
6653,7.0
6654,7.0
6655,9.0
6656,3.0
6657,7.0
6658,6.0
6659,1.0
6660,0.0
6661,6.0
6662,2.0
6663,0.0
6664,7.0
6665,4.0
6666,2.0
6667,7.0
6668,6.0
6669,2.0
6670,6.0
6671,1.0
6672,9.0
6673,6.0
6674,3.0
6675,9.0
6676,8.0
6677,4.0
6678,9.0
6679,7.0
6680,8.0
6681,1.0
6682,4.0
6683,5.0
6684,1.0
6685,2.0
6686,0.0
6687,7.0
6688,5.0
6689,3.0
6690,8.0
6691,0.0
6692,6.0
6693,7.0
6694,1.0
6695,5.0
6696,4.0
6697,2.0
6698,2.0
6699,2.0
6700,6.0
6701,1.0
6702,8.0
6703,2.0
6704,9.0
6705,6.0
6706,3.0
6707,2.0
6708,3.0
6709,7.0
6710,1.0
6711,5.0
6712,4.0
6713,5.0
6714,0.0
6715,2.0
6716,2.0
6717,0.0
6718,8.0
6719,9.0
6720,2.0
6721,5.0
6722,7.0
6723,4.0
6724,9.0
6725,5.0
6726,4.0
6727,7.0
6728,1.0
6729,3.0
6730,0.0
6731,6.0
6732,9.0
6733,5.0
6734,8.0
6735,3.0
6736,3.0
6737,0.0
6738,0.0
6739,7.0
6740,2.0
6741,0.0
6742,1.0
6743,8.0
6744,9.0
6745,2.0
6746,6.0
6747,8.0
6748,1.0
6749,9.0
6750,5.0
6751,0.0
6752,0.0
6753,6.0
6754,5.0
6755,7.0
6756,3.0
6757,5.0
6758,9.0
6759,6.0
6760,3.0
6761,5.0
6762,9.0
6763,3.0
6764,5.0
6765,0.0
6766,0.0
6767,1.0
6768,6.0
6769,6.0
6770,1.0
6771,4.0
6772,0.0
6773,4.0
6774,7.0
6775,0.0
6776,8.0
6777,2.0
6778,5.0
6779,0.0
6780,6.0
6781,5.0
6782,2.0
6783,0.0
6784,9.0
6785,3.0
6786,5.0
6787,3.0
6788,1.0
6789,3.0
6790,0.0
6791,7.0
6792,0.0
6793,5.0
6794,0.0
6795,5.0
6796,6.0
6797,3.0
6798,5.0
6799,9.0
6800,9.0
6801,6.0
6802,3.0
6803,6.0
6804,1.0
6805,7.0
6806,1.0
6807,9.0
6808,0.0
6809,9.0
6810,0.0
6811,9.0
6812,7.0
6813,5.0
6814,9.0
6815,0.0
6816,1.0
6817,1.0
6818,7.0
6819,0.0
6820,1.0
6821,3.0
6822,4.0
6823,5.0
6824,0.0
6825,3.0
6826,2.0
6827,2.0
6828,6.0
6829,8.0
6830,9.0
6831,0.0
6832,8.0
6833,3.0
6834,1.0
6835,1.0
6836,9.0
6837,3.0
6838,7.0
6839,2.0
6840,1.0
6841,3.0
6842,5.0
6843,1.0
6844,7.0
6845,7.0
6846,1.0
6847,0.0
6848,0.0
6849,2.0
6850,3.0
6851,3.0
6852,0.0
6853,1.0
6854,0.0
6855,6.0
6856,5.0
6857,9.0
6858,1.0
6859,6.0
6860,0.0
6861,3.0
6862,2.0
6863,6.0
6864,7.0
6865,6.0
6866,5.0
6867,2.0
6868,0.0
6869,3.0
6870,5.0
6871,7.0
6872,3.0
6873,7.0
6874,7.0
6875,4.0
6876,5.0
6877,0.0
6878,4.0
6879,9.0
6880,7.0
6881,3.0
6882,9.0
6883,2.0
6884,0.0
6885,1.0
6886,7.0
6887,7.0
6888,4.0
6889,0.0
6890,5.0
6891,9.0
6892,8.0
6893,1.0
6894,6.0
6895,6.0
6896,6.0
6897,9.0
6898,1.0
6899,2.0
6900,3.0
6901,0.0
6902,4.0
6903,1.0
6904,1.0
6905,2.0
6906,0.0
6907,5.0
6908,6.0
6909,5.0
6910,0.0
6911,1.0
6912,9.0
6913,3.0
6914,2.0
6915,6.0
6916,9.0
6917,2.0
6918,0.0
6919,1.0
6920,2.0
6921,6.0
6922,2.0
6923,8.0
6924,3.0
6925,4.0
6926,7.0
6927,0.0
6928,2.0
6929,4.0
6930,0.0
6931,3.0
6932,5.0
6933,3.0
6934,6.0
6935,2.0
6936,9.0
6937,0.0
6938,3.0
6939,4.0
6940,9.0
6941,6.0
6942,1.0
6943,2.0
6944,4.0
6945,2.0
6946,6.0
6947,0.0
6948,7.0
6949,3.0
6950,0.0
6951,7.0
6952,8.0
6953,8.0
6954,0.0
6955,9.0
6956,6.0
6957,6.0
6958,8.0
6959,5.0
6960,1.0
6961,4.0
6962,0.0
6963,6.0
6964,5.0
6965,7.0
6966,6.0
6967,3.0
6968,8.0
6969,3.0
6970,3.0
6971,0.0
6972,3.0
6973,4.0
6974,7.0
6975,1.0
6976,4.0
6977,2.0
6978,3.0
6979,6.0
6980,0.0
6981,2.0
6982,9.0
6983,9.0
6984,8.0
6985,9.0
6986,7.0
6987,0.0
6988,2.0
6989,3.0
6990,7.0
6991,0.0
6992,6.0
6993,7.0
6994,5.0
6995,5.0
6996,0.0
6997,3.0
6998,0.0
6999,0.0
7000,1.0
7001,1.0
7002,1.0
7003,9.0
7004,7.0
7005,7.0
7006,5.0
7007,1.0
7008,2.0
7009,7.0
7010,4.0
7011,4.0
7012,0.0
7013,1.0
7014,9.0
7015,5.0
7016,7.0
7017,7.0
7018,0.0
7019,2.0
7020,9.0
7021,9.0
7022,3.0
7023,3.0
7024,3.0
7025,2.0
7026,6.0
7027,2.0
7028,9.0
7029,0.0
7030,2.0
7031,9.0
7032,6.0
7033,0.0
7034,1.0
7035,6.0
7036,5.0
7037,5.0
7038,0.0
7039,6.0
7040,0.0
7041,0.0
7042,8.0
7043,7.0
7044,3.0
7045,6.0
7046,2.0
7047,5.0
7048,8.0
7049,4.0
7050,9.0
7051,3.0
7052,0.0
7053,0.0
7054,8.0
7055,4.0
7056,4.0
7057,2.0
7058,9.0
7059,1.0
7060,8.0
7061,5.0
7062,5.0
7063,2.0
7064,5.0
7065,2.0
7066,3.0
7067,0.0
7068,0.0
7069,0.0
7070,4.0
7071,1.0
7072,9.0
7073,0.0
7074,0.0
7075,9.0
7076,6.0
7077,0.0
7078,2.0
7079,7.0
7080,5.0
7081,9.0
7082,8.0
7083,5.0
7084,7.0
7085,5.0
7086,7.0
7087,5.0
7088,0.0
7089,5.0
7090,6.0
7091,4.0
7092,2.0
7093,7.0
7094,2.0
7095,7.0
7096,1.0
7097,9.0
7098,1.0
7099,4.0
7100,0.0
7101,4.0
7102,0.0
7103,0.0
7104,5.0
7105,9.0
7106,1.0
7107,8.0
7108,7.0
7109,9.0
7110,3.0
7111,5.0
7112,0.0
7113,0.0
7114,1.0
7115,4.0
7116,3.0
7117,1.0
7118,3.0
7119,0.0
7120,2.0
7121,1.0
7122,5.0
7123,3.0
7124,9.0
7125,0.0
7126,8.0
7127,5.0
7128,5.0
7129,1.0
7130,6.0
7131,6.0
7132,4.0
7133,2.0
7134,6.0
7135,4.0
7136,7.0
7137,5.0
7138,0.0
7139,0.0
7140,7.0
7141,3.0
7142,0.0
7143,2.0
7144,6.0
7145,5.0
7146,0.0
7147,7.0
7148,0.0
7149,5.0
7150,3.0
7151,9.0
7152,3.0
7153,0.0
7154,0.0
7155,9.0
7156,1.0
7157,5.0
7158,2.0
7159,5.0
7160,7.0
7161,7.0
7162,7.0
7163,5.0
7164,0.0
7165,0.0
7166,1.0
7167,7.0
7168,8.0
7169,1.0
7170,0.0
7171,6.0
7172,6.0
7173,4.0
7174,4.0
7175,5.0
7176,7.0
7177,2.0
7178,0.0
7179,9.0
7180,6.0
7181,7.0
7182,0.0
7183,6.0
7184,5.0
7185,0.0
7186,8.0
7187,3.0
7188,2.0
7189,0.0
7190,2.0
7191,0.0
7192,3.0
7193,8.0
7194,0.0
7195,1.0
7196,0.0
7197,3.0
7198,0.0
7199,6.0
7200,1.0
7201,8.0
7202,3.0
7203,0.0
7204,7.0
7205,9.0
7206,6.0
7207,3.0
7208,5.0
7209,3.0
7210,4.0
7211,2.0
7212,6.0
7213,5.0
7214,9.0
7215,1.0
7216,3.0
7217,8.0
7218,0.0
7219,3.0
7220,4.0
7221,8.0
7222,7.0
7223,2.0
7224,3.0
7225,1.0
7226,9.0
7227,7.0
7228,3.0
7229,3.0
7230,2.0
7231,9.0
7232,1.0
7233,6.0
7234,6.0
7235,6.0
7236,6.0
7237,7.0
7238,4.0
7239,2.0
7240,0.0
7241,3.0
7242,7.0
7243,0.0
7244,3.0
7245,2.0
7246,0.0
7247,9.0
7248,4.0
7249,9.0
7250,1.0
7251,7.0
7252,0.0
7253,3.0
7254,8.0
7255,7.0
7256,4.0
7257,0.0
7258,1.0
7259,2.0
7260,9.0
7261,0.0
7262,3.0
7263,2.0
7264,2.0
7265,2.0
7266,2.0
7267,2.0
7268,6.0
7269,3.0
7270,9.0
7271,4.0
7272,0.0
7273,1.0
7274,9.0
7275,4.0
7276,1.0
7277,6.0
7278,7.0
7279,5.0
7280,6.0
7281,7.0
7282,1.0
7283,4.0
7284,0.0
7285,9.0
7286,2.0
7287,7.0
7288,7.0
7289,2.0
7290,6.0
7291,3.0
7292,3.0
7293,4.0
7294,5.0
7295,3.0
7296,8.0
7297,1.0
7298,2.0
7299,6.0
7300,4.0
7301,2.0
7302,0.0
7303,0.0
7304,6.0
7305,3.0
7306,2.0
7307,8.0
7308,4.0
7309,1.0
7310,5.0
7311,0.0
7312,1.0
7313,3.0
7314,6.0
7315,3.0
7316,5.0
7317,7.0
7318,2.0
7319,2.0
7320,0.0
7321,5.0
7322,5.0
7323,5.0
7324,0.0
7325,4.0
7326,6.0
7327,4.0
7328,8.0
7329,1.0
7330,5.0
7331,2.0
7332,1.0
7333,3.0
7334,5.0
7335,0.0
7336,5.0
7337,4.0
7338,7.0
7339,2.0
7340,4.0
7341,7.0
7342,7.0
7343,5.0
7344,7.0
7345,9.0
7346,0.0
7347,3.0
7348,5.0
7349,2.0
7350,9.0
7351,3.0
7352,3.0
7353,0.0
7354,0.0
7355,9.0
7356,0.0
7357,2.0
7358,0.0
7359,6.0
7360,1.0
7361,0.0
7362,1.0
7363,1.0
7364,4.0
7365,2.0
7366,3.0
7367,4.0
7368,7.0
7369,3.0
7370,0.0
7371,5.0
7372,3.0
7373,4.0
7374,3.0
7375,9.0
7376,1.0
7377,5.0
7378,5.0
7379,2.0
7380,5.0
7381,7.0
7382,0.0
7383,4.0
7384,3.0
7385,9.0
7386,9.0
7387,5.0
7388,7.0
7389,4.0
7390,8.0
7391,2.0
7392,8.0
7393,3.0
7394,1.0
7395,1.0
7396,0.0
7397,4.0
7398,3.0
7399,1.0
7400,1.0
7401,9.0
7402,0.0
7403,4.0
7404,8.0
7405,6.0
7406,7.0
7407,1.0
7408,5.0
7409,8.0
7410,7.0
7411,6.0
7412,7.0
7413,6.0
7414,0.0
7415,4.0
7416,1.0
7417,7.0
7418,0.0
7419,6.0
7420,4.0
7421,8.0
7422,3.0
7423,6.0
7424,7.0
7425,2.0
7426,7.0
7427,5.0
7428,0.0
7429,5.0
7430,2.0
7431,0.0
7432,7.0
7433,5.0
7434,0.0
7435,1.0
7436,0.0
7437,3.0
7438,5.0
7439,0.0
7440,6.0
7441,9.0
7442,2.0
7443,7.0
7444,9.0
7445,4.0
7446,8.0
7447,0.0
7448,1.0
7449,2.0
7450,1.0
7451,1.0
7452,7.0
7453,2.0
7454,0.0
7455,9.0
7456,0.0
7457,3.0
7458,5.0
7459,8.0
7460,5.0
7461,0.0
7462,8.0
7463,0.0
7464,1.0
7465,0.0
7466,6.0
7467,6.0
7468,0.0
7469,6.0
7470,9.0
7471,4.0
7472,9.0
7473,7.0
7474,7.0
7475,7.0
7476,5.0
7477,7.0
7478,7.0
7479,2.0
7480,3.0
7481,7.0
7482,1.0
7483,1.0
7484,9.0
7485,0.0
7486,1.0
7487,1.0
7488,0.0
7489,2.0
7490,2.0
7491,9.0
7492,0.0
7493,5.0
7494,2.0
7495,7.0
7496,4.0
7497,4.0
7498,9.0
7499,1.0
7500,3.0
7501,9.0
7502,6.0
7503,0.0
7504,5.0
7505,2.0
7506,4.0
7507,3.0
7508,3.0
7509,7.0
7510,8.0
7511,0.0
7512,3.0
7513,0.0
7514,7.0
7515,5.0
7516,9.0
7517,7.0
7518,6.0
7519,6.0
7520,2.0
7521,4.0
7522,9.0
7523,4.0
7524,0.0
7525,0.0
7526,9.0
7527,3.0
7528,3.0
7529,5.0
7530,8.0
7531,3.0
7532,8.0
7533,0.0
7534,8.0
7535,1.0
7536,9.0
7537,2.0
7538,0.0
7539,6.0
7540,3.0
7541,1.0
7542,9.0
7543,9.0
7544,0.0
7545,7.0
7546,0.0
7547,9.0
7548,6.0
7549,7.0
7550,4.0
7551,4.0
7552,9.0
7553,3.0
7554,5.0
7555,1.0
7556,5.0
7557,5.0
7558,7.0
7559,9.0
7560,9.0
7561,5.0
7562,8.0
7563,9.0
7564,0.0
7565,1.0
7566,0.0
7567,6.0
7568,4.0
7569,7.0
7570,1.0
7571,7.0
7572,1.0
7573,1.0
7574,4.0
7575,8.0
7576,8.0
7577,9.0
7578,1.0
7579,3.0
7580,0.0
7581,0.0
7582,3.0
7583,6.0
7584,9.0
7585,5.0
7586,9.0
7587,3.0
7588,6.0
7589,2.0
7590,5.0
7591,2.0
7592,0.0
7593,7.0
7594,0.0
7595,3.0
7596,5.0
7597,9.0
7598,9.0
7599,8.0
7600,2.0
7601,5.0
7602,5.0
7603,1.0
7604,6.0
7605,2.0
7606,2.0
7607,0.0
7608,3.0
7609,3.0
7610,3.0
7611,2.0
7612,1.0
7613,1.0
7614,3.0
7615,5.0
7616,0.0
7617,0.0
7618,3.0
7619,7.0
7620,5.0
7621,8.0
7622,0.0
7623,8.0
7624,4.0
7625,7.0
7626,1.0
7627,3.0
7628,1.0
7629,3.0
7630,0.0
7631,0.0
7632,9.0
7633,7.0
7634,0.0
7635,9.0
7636,7.0
7637,1.0
7638,1.0
7639,9.0
7640,3.0
7641,6.0
7642,1.0
7643,9.0
7644,6.0
7645,0.0
7646,7.0
7647,6.0
7648,4.0
7649,4.0
7650,8.0
7651,2.0
7652,9.0
7653,8.0
7654,3.0
7655,0.0
7656,9.0
7657,0.0
7658,7.0
7659,2.0
7660,9.0
7661,1.0
7662,9.0
7663,6.0
7664,4.0
7665,6.0
7666,7.0
7667,8.0
7668,3.0
7669,4.0
7670,4.0
7671,5.0
7672,6.0
7673,6.0
7674,1.0
7675,5.0
7676,5.0
7677,2.0
7678,8.0
7679,5.0
7680,6.0
7681,0.0
7682,0.0
7683,4.0
7684,0.0
7685,9.0
7686,4.0
7687,5.0
7688,8.0
7689,8.0
7690,7.0
7691,2.0
7692,0.0
7693,4.0
7694,9.0
7695,0.0
7696,0.0
7697,3.0
7698,0.0
7699,9.0
7700,6.0
7701,1.0
7702,3.0
7703,0.0
7704,1.0
7705,2.0
7706,5.0
7707,5.0
7708,2.0
7709,1.0
7710,6.0
7711,3.0
7712,5.0
7713,0.0
7714,5.0
7715,9.0
7716,8.0
7717,5.0
7718,0.0
7719,4.0
7720,2.0
7721,5.0
7722,5.0
7723,6.0
7724,1.0
7725,4.0
7726,6.0
7727,2.0
7728,0.0
7729,9.0
7730,5.0
7731,1.0
7732,7.0
7733,0.0
7734,8.0
7735,8.0
7736,7.0
7737,0.0
7738,7.0
7739,0.0
7740,5.0
7741,0.0
7742,0.0
7743,3.0
7744,3.0
7745,4.0
7746,3.0
7747,6.0
7748,8.0
7749,1.0
7750,4.0
7751,9.0
7752,9.0
7753,9.0
7754,0.0
7755,7.0
7756,5.0
7757,6.0
7758,7.0
7759,1.0
7760,6.0
7761,7.0
7762,7.0
7763,6.0
7764,6.0
7765,8.0
7766,6.0
7767,9.0
7768,0.0
7769,7.0
7770,1.0
7771,0.0
7772,9.0
7773,1.0
7774,8.0
7775,5.0
7776,5.0
7777,6.0
7778,5.0
7779,2.0
7780,8.0
7781,4.0
7782,9.0
7783,5.0
7784,9.0
7785,4.0
7786,9.0
7787,8.0
7788,6.0
7789,3.0
7790,8.0
7791,3.0
7792,7.0
7793,0.0
7794,6.0
7795,9.0
7796,0.0
7797,4.0
7798,5.0
7799,0.0
7800,0.0
7801,2.0
7802,3.0
7803,8.0
7804,4.0
7805,1.0
7806,9.0
7807,1.0
7808,8.0
7809,7.0
7810,6.0
7811,0.0
7812,0.0
7813,0.0
7814,1.0
7815,9.0
7816,5.0
7817,6.0
7818,3.0
7819,6.0
7820,9.0
7821,0.0
7822,5.0
7823,7.0
7824,4.0
7825,6.0
7826,1.0
7827,5.0
7828,5.0
7829,3.0
7830,7.0
7831,2.0
7832,0.0
7833,8.0
7834,6.0
7835,0.0
7836,0.0
7837,7.0
7838,9.0
7839,5.0
7840,1.0
7841,2.0
7842,0.0
7843,0.0
7844,0.0
7845,5.0
7846,3.0
7847,2.0
7848,2.0
7849,0.0
7850,8.0
7851,0.0
7852,7.0
7853,6.0
7854,9.0
7855,7.0
7856,2.0
7857,7.0
7858,4.0
7859,6.0
7860,5.0
7861,4.0
7862,1.0
7863,0.0
7864,1.0
7865,1.0
7866,3.0
7867,0.0
7868,0.0
7869,3.0
7870,6.0
7871,7.0
7872,9.0
7873,0.0
7874,7.0
7875,4.0
7876,1.0
7877,1.0
7878,8.0
7879,1.0
7880,8.0
7881,0.0
7882,2.0
7883,0.0
7884,9.0
7885,5.0
7886,7.0
7887,5.0
7888,0.0
7889,0.0
7890,3.0
7891,2.0
7892,9.0
7893,9.0
7894,1.0
7895,2.0
7896,0.0
7897,7.0
7898,1.0
7899,6.0
7900,6.0
7901,9.0
7902,5.0
7903,7.0
7904,6.0
7905,2.0
7906,7.0
7907,3.0
7908,1.0
7909,0.0
7910,5.0
7911,9.0
7912,1.0
7913,0.0
7914,4.0
7915,7.0
7916,6.0
7917,6.0
7918,3.0
7919,3.0
7920,6.0
7921,7.0
7922,8.0
7923,7.0
7924,3.0
7925,3.0
7926,3.0
7927,7.0
7928,5.0
7929,0.0
7930,0.0
7931,1.0
7932,0.0
7933,3.0
7934,8.0
7935,7.0
7936,1.0
7937,1.0
7938,2.0
7939,2.0
7940,6.0
7941,6.0
7942,1.0
7943,1.0
7944,0.0
7945,9.0
7946,9.0
7947,9.0
7948,1.0
7949,5.0
7950,9.0
7951,4.0
7952,8.0
7953,6.0
7954,8.0
7955,9.0
7956,9.0
7957,9.0
7958,6.0
7959,0.0
7960,0.0
7961,2.0
7962,1.0
7963,1.0
7964,0.0
7965,9.0
7966,1.0
7967,6.0
7968,0.0
7969,1.0
7970,4.0
7971,5.0
7972,6.0
7973,9.0
7974,9.0
7975,7.0
7976,3.0
7977,0.0
7978,5.0
7979,6.0
7980,4.0
7981,5.0
7982,9.0
7983,4.0
7984,1.0
7985,6.0
7986,1.0
7987,7.0
7988,6.0
7989,6.0
7990,0.0
7991,0.0
7992,6.0
7993,7.0
7994,0.0
7995,0.0
7996,7.0
7997,0.0
7998,3.0
7999,6.0
8000,9.0
8001,1.0
8002,5.0
8003,9.0
8004,9.0
8005,8.0
8006,7.0
8007,6.0
8008,0.0
8009,5.0
8010,2.0
8011,8.0
8012,3.0
8013,0.0
8014,2.0
8015,0.0
8016,2.0
8017,0.0
8018,0.0
8019,1.0
8020,6.0
8021,0.0
8022,3.0
8023,4.0
8024,0.0
8025,1.0
8026,1.0
8027,3.0
8028,7.0
8029,7.0
8030,8.0
8031,7.0
8032,1.0
8033,6.0
8034,7.0
8035,1.0
8036,7.0
8037,8.0
8038,6.0
8039,1.0
8040,8.0
8041,7.0
8042,7.0
8043,5.0
8044,1.0
8045,3.0
8046,3.0
8047,0.0
8048,0.0
8049,1.0
8050,4.0
8051,9.0
8052,7.0
8053,1.0
8054,0.0
8055,5.0
8056,9.0
8057,9.0
8058,0.0
8059,5.0
8060,7.0
8061,8.0
8062,2.0
8063,1.0
8064,0.0
8065,9.0
8066,2.0
8067,8.0
8068,1.0
8069,5.0
8070,7.0
8071,6.0
8072,3.0
8073,1.0
8074,9.0
8075,0.0
8076,7.0
8077,1.0
8078,3.0
8079,0.0
8080,5.0
8081,6.0
8082,2.0
8083,2.0
8084,8.0
8085,5.0
8086,0.0
8087,7.0
8088,7.0
8089,0.0
8090,6.0
8091,1.0
8092,8.0
8093,1.0
8094,9.0
8095,2.0
8096,8.0
8097,1.0
8098,7.0
8099,5.0
8100,8.0
8101,2.0
8102,9.0
8103,8.0
8104,4.0
8105,0.0
8106,1.0
8107,1.0
8108,4.0
8109,2.0
8110,7.0
8111,5.0
8112,6.0
8113,3.0
8114,5.0
8115,3.0
8116,9.0
8117,0.0
8118,8.0
8119,4.0
8120,0.0
8121,1.0
8122,3.0
8123,9.0
8124,7.0
8125,9.0
8126,3.0
8127,1.0
8128,7.0
8129,6.0
8130,6.0
8131,2.0
8132,0.0
8133,8.0
8134,3.0
8135,2.0
8136,9.0
8137,8.0
8138,0.0
8139,1.0
8140,3.0
8141,6.0
8142,1.0
8143,0.0
8144,3.0
8145,0.0
8146,9.0
8147,3.0
8148,1.0
8149,9.0
8150,3.0
8151,0.0
8152,0.0
8153,0.0
8154,5.0
8155,1.0
8156,1.0
8157,1.0
8158,0.0
8159,5.0
8160,1.0
8161,4.0
8162,1.0
8163,3.0
8164,3.0
8165,1.0
8166,7.0
8167,9.0
8168,2.0
8169,7.0
8170,7.0
8171,9.0
8172,1.0
8173,4.0
8174,9.0
8175,3.0
8176,3.0
8177,0.0
8178,1.0
8179,7.0
8180,2.0
8181,5.0
8182,0.0
8183,7.0
8184,2.0
8185,0.0
8186,0.0
8187,5.0
8188,7.0
8189,0.0
8190,4.0
8191,2.0
8192,5.0
8193,3.0
8194,1.0
8195,8.0
8196,8.0
8197,8.0
8198,9.0
8199,4.0
8200,3.0
8201,9.0
8202,2.0
8203,5.0
8204,6.0
8205,7.0
8206,9.0
8207,0.0
8208,0.0
8209,7.0
8210,0.0
8211,4.0
8212,3.0
8213,6.0
8214,0.0
8215,6.0
8216,3.0
8217,9.0
8218,6.0
8219,6.0
8220,2.0
8221,7.0
8222,9.0
8223,8.0
8224,4.0
8225,0.0
8226,1.0
8227,9.0
8228,8.0
8229,1.0
8230,4.0
8231,3.0
8232,2.0
8233,7.0
8234,9.0
8235,7.0
8236,6.0
8237,7.0
8238,1.0
8239,1.0
8240,7.0
8241,4.0
8242,7.0
8243,8.0
8244,7.0
8245,5.0
8246,8.0
8247,1.0
8248,1.0
8249,9.0
8250,2.0
8251,6.0
8252,1.0
8253,0.0
8254,0.0
8255,5.0
8256,0.0
8257,6.0
8258,9.0
8259,9.0
8260,1.0
8261,9.0
8262,0.0
8263,5.0
8264,2.0
8265,0.0
8266,7.0
8267,7.0
8268,7.0
8269,8.0
8270,3.0
8271,3.0
8272,5.0
8273,2.0
8274,4.0
8275,6.0
8276,0.0
8277,9.0
8278,4.0
8279,5.0
8280,6.0
8281,5.0
8282,8.0
8283,6.0
8284,2.0
8285,9.0
8286,6.0
8287,0.0
8288,5.0
8289,5.0
8290,7.0
8291,7.0
8292,6.0
8293,3.0
8294,0.0
8295,3.0
8296,6.0
8297,9.0
8298,9.0
8299,9.0
8300,3.0
8301,5.0
8302,2.0
8303,0.0
8304,9.0
8305,5.0
8306,4.0
8307,4.0
8308,8.0
8309,2.0
8310,5.0
8311,3.0
8312,1.0
8313,9.0
8314,5.0
8315,6.0
8316,2.0
8317,3.0
8318,5.0
8319,7.0
8320,9.0
8321,4.0
8322,6.0
8323,9.0
8324,3.0
8325,9.0
8326,4.0
8327,7.0
8328,7.0
8329,0.0
8330,5.0
8331,2.0
8332,7.0
8333,7.0
8334,5.0
8335,6.0
8336,5.0
8337,5.0
8338,2.0
8339,0.0
8340,3.0
8341,5.0
8342,9.0
8343,3.0
8344,7.0
8345,1.0
8346,3.0
8347,5.0
8348,6.0
8349,0.0
8350,0.0
8351,3.0
8352,7.0
8353,7.0
8354,5.0
8355,8.0
8356,1.0
8357,1.0
8358,9.0
8359,2.0
8360,5.0
8361,1.0
8362,9.0
8363,8.0
8364,1.0
8365,9.0
8366,1.0
8367,5.0
8368,2.0
8369,5.0
8370,2.0
8371,4.0
8372,1.0
8373,1.0
8374,7.0
8375,6.0
8376,8.0
8377,0.0
8378,6.0
8379,8.0
8380,9.0
8381,7.0
8382,5.0
8383,6.0
8384,9.0
8385,9.0
8386,8.0
8387,0.0
8388,3.0
8389,7.0
8390,9.0
8391,9.0
8392,3.0
8393,0.0
8394,9.0
8395,9.0
8396,5.0
8397,2.0
8398,5.0
8399,7.0
8400,0.0
8401,2.0
8402,8.0
8403,2.0
8404,7.0
8405,2.0
8406,3.0
8407,8.0
8408,2.0
8409,1.0
8410,6.0
8411,0.0
8412,8.0
8413,7.0
8414,2.0
8415,0.0
8416,2.0
8417,0.0
8418,0.0
8419,0.0
8420,6.0
8421,3.0
8422,9.0
8423,6.0
8424,4.0
8425,2.0
8426,9.0
8427,0.0
8428,7.0
8429,4.0
8430,1.0
8431,9.0
8432,7.0
8433,3.0
8434,1.0
8435,1.0
8436,4.0
8437,7.0
8438,2.0
8439,8.0
8440,3.0
8441,9.0
8442,4.0
8443,4.0
8444,3.0
8445,8.0
8446,5.0
8447,7.0
8448,6.0
8449,7.0
8450,5.0
8451,0.0
8452,3.0
8453,8.0
8454,0.0
8455,9.0
8456,7.0
8457,3.0
8458,5.0
8459,1.0
8460,0.0
8461,5.0
8462,5.0
8463,6.0
8464,6.0
8465,9.0
8466,3.0
8467,3.0
8468,6.0
8469,6.0
8470,0.0
8471,0.0
8472,2.0
8473,0.0
8474,6.0
8475,3.0
8476,7.0
8477,4.0
8478,3.0
8479,6.0
8480,8.0
8481,3.0
8482,1.0
8483,0.0
8484,5.0
8485,0.0
8486,3.0
8487,3.0
8488,7.0
8489,9.0
8490,6.0
8491,7.0
8492,9.0
8493,1.0
8494,2.0
8495,5.0
8496,7.0
8497,7.0
8498,7.0
8499,9.0
8500,2.0
8501,4.0
8502,1.0
8503,5.0
8504,3.0
8505,5.0
8506,9.0
8507,3.0
8508,9.0
8509,2.0
8510,7.0
8511,3.0
8512,1.0
8513,9.0
8514,0.0
8515,8.0
8516,9.0
8517,1.0
8518,9.0
8519,6.0
8520,5.0
8521,9.0
8522,9.0
8523,6.0
8524,3.0
8525,6.0
8526,7.0
8527,3.0
8528,3.0
8529,0.0
8530,0.0
8531,1.0
8532,9.0
8533,5.0
8534,2.0
8535,5.0
8536,9.0
8537,3.0
8538,3.0
8539,7.0
8540,2.0
8541,3.0
8542,1.0
8543,0.0
8544,2.0
8545,4.0
8546,0.0
8547,3.0
8548,5.0
8549,1.0
8550,9.0
8551,8.0
8552,9.0
8553,1.0
8554,0.0
8555,3.0
8556,0.0
8557,5.0
8558,8.0
8559,9.0
8560,4.0
8561,8.0
8562,2.0
8563,7.0
8564,0.0
8565,4.0
8566,0.0
8567,1.0
8568,7.0
8569,7.0
8570,6.0
8571,8.0
8572,0.0
8573,3.0
8574,7.0
8575,0.0
8576,0.0
8577,1.0
8578,5.0
8579,9.0
8580,0.0
8581,9.0
8582,7.0
8583,8.0
8584,9.0
8585,0.0
8586,7.0
8587,7.0
8588,5.0
8589,7.0
8590,0.0
8591,2.0
8592,0.0
8593,1.0
8594,9.0
8595,1.0
8596,1.0
8597,6.0
8598,5.0
8599,2.0
8600,7.0
8601,5.0
8602,2.0
8603,0.0
8604,9.0
8605,1.0
8606,5.0
8607,0.0
8608,1.0
8609,6.0
8610,6.0
8611,2.0
8612,3.0
8613,7.0
8614,1.0
8615,9.0
8616,6.0
8617,4.0
8618,7.0
8619,3.0
8620,1.0
8621,9.0
8622,2.0
8623,7.0
8624,9.0
8625,7.0
8626,2.0
8627,7.0
8628,5.0
8629,9.0
8630,7.0
8631,6.0
8632,9.0
8633,5.0
8634,3.0
8635,2.0
8636,5.0
8637,0.0
8638,3.0
8639,0.0
8640,1.0
8641,3.0
8642,5.0
8643,0.0
8644,9.0
8645,1.0
8646,3.0
8647,2.0
8648,0.0
8649,6.0
8650,5.0
8651,4.0
8652,0.0
8653,1.0
8654,3.0
8655,0.0
8656,7.0
8657,1.0
8658,6.0
8659,7.0
8660,7.0
8661,3.0
8662,6.0
8663,1.0
8664,5.0
8665,3.0
8666,9.0
8667,0.0
8668,5.0
8669,6.0
8670,9.0
8671,6.0
8672,9.0
8673,7.0
8674,1.0
8675,4.0
8676,0.0
8677,5.0
8678,0.0
8679,1.0
8680,9.0
8681,5.0
8682,7.0
8683,1.0
8684,5.0
8685,7.0
8686,9.0
8687,3.0
8688,4.0
8689,4.0
8690,9.0
8691,4.0
8692,2.0
8693,1.0
8694,0.0
8695,4.0
8696,1.0
8697,5.0
8698,7.0
8699,5.0
8700,5.0
8701,1.0
8702,0.0
8703,2.0
8704,0.0
8705,2.0
8706,4.0
8707,0.0
8708,2.0
8709,5.0
8710,7.0
8711,6.0
8712,5.0
8713,0.0
8714,4.0
8715,4.0
8716,4.0
8717,0.0
8718,7.0
8719,3.0
8720,0.0
8721,2.0
8722,7.0
8723,2.0
8724,3.0
8725,0.0
8726,9.0
8727,9.0
8728,6.0
8729,5.0
8730,2.0
8731,1.0
8732,1.0
8733,4.0
8734,3.0
8735,6.0
8736,9.0
8737,7.0
8738,9.0
8739,9.0
8740,5.0
8741,0.0
8742,5.0
8743,0.0
8744,9.0
8745,5.0
8746,4.0
8747,4.0
8748,6.0
8749,3.0
8750,5.0
8751,8.0
8752,1.0
8753,7.0
8754,6.0
8755,5.0
8756,2.0
8757,7.0
8758,0.0
8759,1.0
8760,3.0
8761,0.0
8762,8.0
8763,3.0
8764,9.0
8765,3.0
8766,6.0
8767,7.0
8768,7.0
8769,4.0
8770,7.0
8771,5.0
8772,1.0
8773,2.0
8774,6.0
8775,3.0
8776,5.0
8777,0.0
8778,0.0
8779,1.0
8780,7.0
8781,2.0
8782,5.0
8783,7.0
8784,2.0
8785,0.0
8786,9.0
8787,7.0
8788,9.0
8789,5.0
8790,8.0
8791,5.0
8792,4.0
8793,5.0
8794,3.0
8795,0.0
8796,0.0
8797,9.0
8798,6.0
8799,3.0
8800,0.0
8801,1.0
8802,6.0
8803,2.0
8804,9.0
8805,1.0
8806,4.0
8807,6.0
8808,7.0
8809,3.0
8810,3.0
8811,9.0
8812,4.0
8813,0.0
8814,0.0
8815,7.0
8816,7.0
8817,3.0
8818,0.0
8819,0.0
8820,4.0
8821,2.0
8822,5.0
8823,7.0
8824,7.0
8825,5.0
8826,0.0
8827,2.0
8828,6.0
8829,0.0
8830,9.0
8831,4.0
8832,6.0
8833,6.0
8834,0.0
8835,5.0
8836,4.0
8837,0.0
8838,8.0
8839,1.0
8840,1.0
8841,0.0
8842,6.0
8843,8.0
8844,1.0
8845,2.0
8846,6.0
8847,2.0
8848,7.0
8849,7.0
8850,9.0
8851,0.0
8852,7.0
8853,2.0
8854,1.0
8855,4.0
8856,4.0
8857,0.0
8858,7.0
8859,7.0
8860,2.0
8861,3.0
8862,3.0
8863,4.0
8864,1.0
8865,7.0
8866,3.0
8867,8.0
8868,2.0
8869,3.0
8870,8.0
8871,0.0
8872,9.0
8873,3.0
8874,3.0
8875,3.0
8876,0.0
8877,6.0
8878,8.0
8879,0.0
8880,1.0
8881,3.0
8882,7.0
8883,1.0
8884,0.0
8885,5.0
8886,4.0
8887,2.0
8888,0.0
8889,5.0
8890,8.0
8891,1.0
8892,1.0
8893,4.0
8894,0.0
8895,1.0
8896,0.0
8897,4.0
8898,6.0
8899,4.0
8900,2.0
8901,1.0
8902,6.0
8903,3.0
8904,1.0
8905,8.0
8906,2.0
8907,1.0
8908,9.0
8909,0.0
8910,1.0
8911,8.0
8912,6.0
8913,8.0
8914,4.0
8915,0.0
8916,6.0
8917,0.0
8918,0.0
8919,7.0
8920,5.0
8921,0.0
8922,9.0
8923,2.0
8924,2.0
8925,0.0
8926,4.0
8927,9.0
8928,3.0
8929,0.0
8930,6.0
8931,9.0
8932,2.0
8933,5.0
8934,5.0
8935,0.0
8936,2.0
8937,4.0
8938,1.0
8939,5.0
8940,3.0
8941,0.0
8942,2.0
8943,2.0
8944,3.0
8945,9.0
8946,1.0
8947,2.0
8948,6.0
8949,9.0
8950,9.0
8951,8.0
8952,6.0
8953,0.0
8954,2.0
8955,8.0
8956,0.0
8957,6.0
8958,2.0
8959,6.0
8960,0.0
8961,6.0
8962,0.0
8963,2.0
8964,0.0
8965,9.0
8966,2.0
8967,2.0
8968,9.0
8969,8.0
8970,0.0
8971,6.0
8972,9.0
8973,3.0
8974,2.0
8975,5.0
8976,9.0
8977,9.0
8978,2.0
8979,6.0
8980,9.0
8981,4.0
8982,5.0
8983,5.0
8984,7.0
8985,0.0
8986,3.0
8987,5.0
8988,4.0
8989,3.0
8990,0.0
8991,6.0
8992,5.0
8993,0.0
8994,8.0
8995,9.0
8996,4.0
8997,9.0
8998,9.0
8999,8.0
9000,4.0
9001,1.0
9002,7.0
9003,7.0
9004,0.0
9005,5.0
9006,5.0
9007,5.0
9008,0.0
9009,2.0
9010,2.0
9011,6.0
9012,0.0
9013,4.0
9014,7.0
9015,3.0
9016,1.0
9017,0.0
9018,0.0
9019,0.0
9020,1.0
9021,2.0
9022,3.0
9023,9.0
9024,0.0
9025,5.0
9026,8.0
9027,3.0
9028,9.0
9029,2.0
9030,6.0
9031,1.0
9032,9.0
9033,5.0
9034,2.0
9035,5.0
9036,3.0
9037,4.0
9038,5.0
9039,6.0
9040,5.0
9041,2.0
9042,4.0
9043,9.0
9044,6.0
9045,4.0
9046,0.0
9047,0.0
9048,0.0
9049,3.0
9050,6.0
9051,0.0
9052,3.0
9053,3.0
9054,0.0
9055,6.0
9056,1.0
9057,1.0
9058,3.0
9059,5.0
9060,5.0
9061,2.0
9062,1.0
9063,7.0
9064,0.0
9065,0.0
9066,5.0
9067,0.0
9068,0.0
9069,2.0
9070,4.0
9071,3.0
9072,9.0
9073,6.0
9074,2.0
9075,0.0
9076,2.0
9077,2.0
9078,4.0
9079,5.0
9080,3.0
9081,7.0
9082,1.0
9083,0.0
9084,3.0
9085,9.0
9086,0.0
9087,7.0
9088,7.0
9089,5.0
9090,7.0
9091,9.0
9092,2.0
9093,6.0
9094,9.0
9095,5.0
9096,9.0
9097,2.0
9098,5.0
9099,9.0
9100,5.0
9101,0.0
9102,1.0
9103,9.0
9104,4.0
9105,0.0
9106,6.0
9107,8.0
9108,2.0
9109,3.0
9110,1.0
9111,0.0
9112,9.0
9113,6.0
9114,0.0
9115,0.0
9116,4.0
9117,1.0
9118,4.0
9119,2.0
9120,3.0
9121,3.0
9122,7.0
9123,2.0
9124,0.0
9125,9.0
9126,5.0
9127,9.0
9128,7.0
9129,2.0
9130,1.0
9131,8.0
9132,1.0
9133,0.0
9134,5.0
9135,5.0
9136,6.0
9137,2.0
9138,5.0
9139,5.0
9140,9.0
9141,3.0
9142,4.0
9143,0.0
9144,0.0
9145,9.0
9146,3.0
9147,4.0
9148,3.0
9149,1.0
9150,6.0
9151,8.0
9152,3.0
9153,3.0
9154,0.0
9155,8.0
9156,3.0
9157,5.0
9158,9.0
9159,0.0
9160,3.0
9161,6.0
9162,0.0
9163,2.0
9164,8.0
9165,0.0
9166,9.0
9167,9.0
9168,0.0
9169,1.0
9170,0.0
9171,7.0
9172,5.0
9173,6.0
9174,7.0
9175,1.0
9176,4.0
9177,1.0
9178,1.0
9179,1.0
9180,5.0
9181,0.0
9182,0.0
9183,1.0
9184,2.0
9185,3.0
9186,7.0
9187,7.0
9188,1.0
9189,4.0
9190,3.0
9191,7.0
9192,6.0
9193,4.0
9194,6.0
9195,7.0
9196,0.0
9197,9.0
9198,6.0
9199,0.0
9200,0.0
9201,3.0
9202,7.0
9203,1.0
9204,1.0
9205,2.0
9206,1.0
9207,1.0
9208,0.0
9209,2.0
9210,1.0
9211,7.0
9212,6.0
9213,7.0
9214,0.0
9215,6.0
9216,9.0
9217,3.0
9218,6.0
9219,9.0
9220,0.0
9221,4.0
9222,7.0
9223,1.0
9224,5.0
9225,0.0
9226,3.0
9227,0.0
9228,4.0
9229,8.0
9230,3.0
9231,9.0
9232,1.0
9233,0.0
9234,6.0
9235,3.0
9236,0.0
9237,3.0
9238,1.0
9239,8.0
9240,1.0
9241,6.0
9242,3.0
9243,5.0
9244,7.0
9245,9.0
9246,5.0
9247,1.0
9248,0.0
9249,9.0
9250,3.0
9251,0.0
9252,2.0
9253,0.0
9254,5.0
9255,8.0
9256,0.0
9257,3.0
9258,0.0
9259,7.0
9260,3.0
9261,3.0
9262,9.0
9263,5.0
9264,1.0
9265,1.0
9266,8.0
9267,2.0
9268,6.0
9269,6.0
9270,9.0
9271,0.0
9272,0.0
9273,5.0
9274,8.0
9275,0.0
9276,4.0
9277,2.0
9278,5.0
9279,8.0
9280,0.0
9281,3.0
9282,1.0
9283,9.0
9284,9.0
9285,1.0
9286,4.0
9287,1.0
9288,7.0
9289,1.0
9290,2.0
9291,8.0
9292,5.0
9293,1.0
9294,7.0
9295,5.0
9296,2.0
9297,2.0
9298,8.0
9299,5.0
9300,6.0
9301,5.0
9302,0.0
9303,1.0
9304,7.0
9305,2.0
9306,3.0
9307,2.0
9308,5.0
9309,9.0
9310,3.0
9311,4.0
9312,0.0
9313,8.0
9314,7.0
9315,7.0
9316,7.0
9317,9.0
9318,2.0
9319,3.0
9320,9.0
9321,2.0
9322,2.0
9323,8.0
9324,6.0
9325,2.0
9326,7.0
9327,3.0
9328,5.0
9329,7.0
9330,4.0
9331,7.0
9332,0.0
9333,7.0
9334,9.0
9335,0.0
9336,5.0
9337,9.0
9338,2.0
9339,1.0
9340,1.0
9341,9.0
9342,9.0
9343,0.0
9344,3.0
9345,1.0
9346,6.0
9347,0.0
9348,2.0
9349,8.0
9350,2.0
9351,1.0
9352,5.0
9353,8.0
9354,4.0
9355,6.0
9356,0.0
9357,1.0
9358,1.0
9359,0.0
9360,3.0
9361,9.0
9362,9.0
9363,4.0
9364,5.0
9365,6.0
9366,2.0
9367,9.0
9368,1.0
9369,8.0
9370,8.0
9371,0.0
9372,5.0
9373,1.0
9374,7.0
9375,3.0
9376,3.0
9377,4.0
9378,9.0
9379,6.0
9380,6.0
9381,5.0
9382,9.0
9383,9.0
9384,3.0
9385,5.0
9386,2.0
9387,1.0
9388,3.0
9389,1.0
9390,3.0
9391,9.0
9392,6.0
9393,6.0
9394,0.0
9395,7.0
9396,8.0
9397,3.0
9398,3.0
9399,7.0
9400,5.0
9401,7.0
9402,5.0
9403,5.0
9404,1.0
9405,8.0
9406,6.0
9407,9.0
9408,0.0
9409,9.0
9410,3.0
9411,6.0
9412,8.0
9413,3.0
9414,3.0
9415,3.0
9416,3.0
9417,8.0
9418,1.0
9419,2.0
9420,5.0
9421,1.0
9422,3.0
9423,0.0
9424,2.0
9425,6.0
9426,8.0
9427,1.0
9428,1.0
9429,2.0
9430,5.0
9431,5.0
9432,9.0
9433,5.0
9434,1.0
9435,9.0
9436,5.0
9437,5.0
9438,9.0
9439,1.0
9440,0.0
9441,9.0
9442,9.0
9443,2.0
9444,4.0
9445,9.0
9446,9.0
9447,7.0
9448,3.0
9449,8.0
9450,3.0
9451,0.0
9452,1.0
9453,7.0
9454,2.0
9455,7.0
9456,6.0
9457,0.0
9458,7.0
9459,9.0
9460,7.0
9461,4.0
9462,3.0
9463,0.0
9464,6.0
9465,2.0
9466,3.0
9467,9.0
9468,0.0
9469,0.0
9470,9.0
9471,5.0
9472,1.0
9473,0.0
9474,8.0
9475,2.0
9476,8.0
9477,5.0
9478,0.0
9479,7.0
9480,5.0
9481,5.0
9482,4.0
9483,9.0
9484,9.0
9485,4.0
9486,8.0
9487,1.0
9488,8.0
9489,6.0
9490,8.0
9491,0.0
9492,3.0
9493,0.0
9494,9.0
9495,8.0
9496,1.0
9497,0.0
9498,6.0
9499,0.0
9500,1.0
9501,0.0
9502,6.0
9503,1.0
9504,5.0
9505,4.0
9506,6.0
9507,0.0
9508,1.0
9509,3.0
9510,0.0
9511,1.0
9512,3.0
9513,7.0
9514,1.0
9515,9.0
9516,9.0
9517,6.0
9518,9.0
9519,7.0
9520,9.0
9521,5.0
9522,3.0
9523,8.0
9524,2.0
9525,4.0
9526,0.0
9527,3.0
9528,1.0
9529,7.0
9530,6.0
9531,6.0
9532,0.0
9533,0.0
9534,7.0
9535,9.0
9536,3.0
9537,6.0
9538,9.0
9539,3.0
9540,3.0
9541,2.0
9542,9.0
9543,2.0
9544,0.0
9545,0.0
9546,5.0
9547,2.0
9548,3.0
9549,2.0
9550,6.0
9551,4.0
9552,0.0
9553,4.0
9554,7.0
9555,6.0
9556,2.0
9557,2.0
9558,0.0
9559,9.0
9560,0.0
9561,9.0
9562,7.0
9563,0.0
9564,8.0
9565,0.0
9566,9.0
9567,0.0
9568,0.0
9569,1.0
9570,4.0
9571,6.0
9572,8.0
9573,5.0
9574,5.0
9575,3.0
9576,7.0
9577,0.0
9578,1.0
9579,4.0
9580,5.0
9581,7.0
9582,5.0
9583,0.0
9584,6.0
9585,6.0
9586,3.0
9587,0.0
9588,0.0
9589,5.0
9590,8.0
9591,0.0
9592,1.0
9593,4.0
9594,2.0
9595,7.0
9596,3.0
9597,7.0
9598,9.0
9599,3.0
9600,8.0
9601,5.0
9602,0.0
9603,7.0
9604,0.0
9605,7.0
9606,9.0
9607,9.0
9608,0.0
9609,6.0
9610,6.0
9611,8.0
9612,3.0
9613,2.0
9614,6.0
9615,2.0
9616,2.0
9617,8.0
9618,3.0
9619,0.0
9620,4.0
9621,3.0
9622,6.0
9623,8.0
9624,8.0
9625,0.0
9626,8.0
9627,7.0
9628,0.0
9629,9.0
9630,7.0
9631,4.0
9632,2.0
9633,8.0
9634,9.0
9635,7.0
9636,6.0
9637,2.0
9638,4.0
9639,4.0
9640,2.0
9641,3.0
9642,0.0
9643,8.0
9644,0.0
9645,9.0
9646,1.0
9647,2.0
9648,5.0
9649,3.0
9650,1.0
9651,7.0
9652,0.0
9653,8.0
9654,7.0
9655,0.0
9656,9.0
9657,4.0
9658,9.0
9659,6.0
9660,6.0
9661,4.0
9662,1.0
9663,9.0
9664,0.0
9665,3.0
9666,3.0
9667,0.0
9668,7.0
9669,0.0
9670,2.0
9671,7.0
9672,7.0
9673,8.0
9674,9.0
9675,3.0
9676,3.0
9677,6.0
9678,3.0
9679,8.0
9680,0.0
9681,6.0
9682,3.0
9683,3.0
9684,2.0
9685,0.0
9686,8.0
9687,5.0
9688,1.0
9689,0.0
9690,7.0
9691,1.0
9692,7.0
9693,6.0
9694,6.0
9695,8.0
9696,0.0
9697,0.0
9698,9.0
9699,7.0
9700,0.0
9701,5.0
9702,7.0
9703,0.0
9704,4.0
9705,6.0
9706,9.0
9707,1.0
9708,3.0
9709,6.0
9710,0.0
9711,2.0
9712,8.0
9713,8.0
9714,9.0
9715,5.0
9716,2.0
9717,9.0
9718,0.0
9719,0.0
9720,6.0
9721,1.0
9722,3.0
9723,3.0
9724,0.0
9725,8.0
9726,1.0
9727,6.0
9728,6.0
9729,9.0
9730,1.0
9731,3.0
9732,1.0
9733,7.0
9734,7.0
9735,8.0
9736,0.0
9737,3.0
9738,2.0
9739,0.0
9740,7.0
9741,3.0
9742,1.0
9743,1.0
9744,6.0
9745,9.0
9746,0.0
9747,0.0
9748,9.0
9749,8.0
9750,2.0
9751,1.0
9752,9.0
9753,6.0
9754,9.0
9755,5.0
9756,7.0
9757,3.0
9758,1.0
9759,1.0
9760,6.0
9761,1.0
9762,6.0
9763,1.0
9764,2.0
9765,7.0
9766,0.0
9767,2.0
9768,7.0
9769,1.0
9770,3.0
9771,2.0
9772,4.0
9773,1.0
9774,3.0
9775,6.0
9776,6.0
9777,9.0
9778,3.0
9779,2.0
9780,2.0
9781,3.0
9782,6.0
9783,2.0
9784,0.0
9785,0.0
9786,7.0
9787,0.0
9788,1.0
9789,2.0
9790,8.0
9791,6.0
9792,3.0
9793,1.0
9794,6.0
9795,2.0
9796,1.0
9797,9.0
9798,1.0
9799,1.0
9800,1.0
9801,3.0
9802,3.0
9803,1.0
9804,1.0
9805,0.0
9806,0.0
9807,1.0
9808,1.0
9809,3.0
9810,4.0
9811,4.0
9812,1.0
9813,1.0
9814,8.0
9815,2.0
9816,8.0
9817,1.0
9818,0.0
9819,3.0
9820,0.0
9821,4.0
9822,0.0
9823,8.0
9824,0.0
9825,2.0
9826,0.0
9827,4.0
9828,8.0
9829,7.0
9830,0.0
9831,0.0
9832,4.0
9833,7.0
9834,0.0
9835,4.0
9836,0.0
9837,6.0
9838,7.0
9839,3.0
9840,7.0
9841,8.0
9842,7.0
9843,5.0
9844,4.0
9845,6.0
9846,0.0
9847,0.0
9848,3.0
9849,4.0
9850,2.0
9851,7.0
9852,0.0
9853,2.0
9854,1.0
9855,4.0
9856,4.0
9857,5.0
9858,6.0
9859,7.0
9860,3.0
9861,6.0
9862,3.0
9863,6.0
9864,0.0
9865,1.0
9866,0.0
9867,0.0
9868,0.0
9869,4.0
9870,1.0
9871,1.0
9872,9.0
9873,6.0
9874,3.0
9875,1.0
9876,8.0
9877,4.0
9878,2.0
9879,8.0
9880,4.0
9881,7.0
9882,9.0
9883,7.0
9884,2.0
9885,0.0
9886,7.0
9887,0.0
9888,0.0
9889,0.0
9890,9.0
9891,0.0
9892,3.0
9893,2.0
9894,7.0
9895,7.0
9896,6.0
9897,0.0
9898,0.0
9899,0.0
9900,0.0
9901,9.0
9902,1.0
9903,7.0
9904,0.0
9905,3.0
9906,0.0
9907,9.0
9908,8.0
9909,1.0
9910,4.0
9911,9.0
9912,9.0
9913,7.0
9914,1.0
9915,3.0
9916,0.0
9917,0.0
9918,1.0
9919,6.0
9920,2.0
9921,3.0
9922,6.0
9923,7.0
9924,0.0
9925,9.0
9926,5.0
9927,9.0
9928,8.0
9929,0.0
9930,5.0
9931,0.0
9932,0.0
9933,3.0
9934,7.0
9935,1.0
9936,1.0
9937,0.0
9938,9.0
9939,3.0
9940,3.0
9941,1.0
9942,0.0
9943,8.0
9944,1.0
9945,3.0
9946,0.0
9947,5.0
9948,0.0
9949,5.0
9950,3.0
9951,3.0
9952,5.0
9953,7.0
9954,4.0
9955,8.0
9956,8.0
9957,0.0
9958,5.0
9959,3.0
9960,0.0
9961,7.0
9962,2.0
9963,0.0
9964,0.0
9965,2.0
9966,5.0
9967,3.0
9968,5.0
9969,1.0
9970,2.0
9971,6.0
9972,6.0
9973,0.0
9974,9.0
9975,0.0
9976,1.0
9977,3.0
9978,7.0
9979,3.0
9980,4.0
9981,7.0
9982,7.0
9983,7.0
9984,3.0
9985,2.0
9986,1.0
9987,1.0
9988,9.0
9989,2.0
9990,3.0
9991,0.0
9992,3.0
9993,7.0
9994,5.0
9995,5.0
9996,5.0
9997,5.0
9998,3.0
9999,2.0
